"Source:","C:\Users\Alan Hanson\OneDrive\Alan's Folder\KiCAD\6.0\projects\W3ISR\w3isr\w3isr_rtrcntlr\w3isr_rtrcntlr.kicad_sch"
"Date:","2/2/2023 10:49:45 AM"
"Tool:","Eeschema (6.0.5)"
"Generator:","C:\Program Files\KiCad\6.0\bin\scripting\plugins/bom_csv_grouped_by_value.py"
"Component Count:","69"

"Individual Components:"

"Item","Qty","Reference(s)","Value","LibPart","Footprint","Datasheet","Category","DK_Datasheet_Link","DK_Detail_Page","Description","Digi-Key_PN","Family","MANUFACTURER","MAXIMUM_PACKAGE_HEIGHT","MPN","Manufacturer","PARTREV","STANDARD","Status"
"","","+3.3V1","+3.3V","Connector:TestPoint","TestPoint:TestPoint_THTPad_D1.5mm_Drill0.7mm","~","","","","","","","","","","","","",""
"","","+5V1","+5V","Connector:TestPoint","TestPoint:TestPoint_THTPad_D1.5mm_Drill0.7mm","~","","","","","","","","","","","","",""
"","","+13V1","+13V","Connector:TestPoint","TestPoint:TestPoint_THTPad_D1.5mm_Drill0.7mm","~","","","","","","","","","","","","",""
"","","AzV1","AzV","Connector:TestPoint","TestPoint:TestPoint_THTPad_D1.5mm_Drill0.7mm","~","","","","","","","","","","","","",""
"","","BAT1","CR2032","dk_Battery-Holders-Clips-Contacts:BS-7","digikey-footprints:Battery_Holder_Coin_2032_BS-7","http://www.memoryprotectiondevices.com/datasheets/BS-7-datasheet.pdf","Battery Products","http://www.memoryprotectiondevices.com/datasheets/BS-7-datasheet.pdf","/product-detail/en/mpd-memory-protection-devices/BS-7/BS-7-ND/389447","BATTERY HOLDER COIN 20MM PC PIN","BS-7-ND","Battery Holders, Clips, Contacts","","","BS-7","MPD (Memory Protection Devices)","","","Active"
"","","BZ1","PS1240P02BT","dk_Alarms-Buzzers-and-Sirens:PS1240P02BT","digikey-footprints:Piezo_Transducer_THT_PS1240P02BT","https://product.tdk.com/info/en/catalog/datasheets/piezoelectronic_buzzer_ps_en.pdf","Audio Products","https://product.tdk.com/info/en/catalog/datasheets/piezoelectronic_buzzer_ps_en.pdf","/product-detail/en/tdk-corporation/PS1240P02BT/445-2525-1-ND/935930","AUDIO PIEZO TRANSDUCER 30V TH","445-2525-1-ND","Alarms, Buzzers, and Sirens","","","PS1240P02BT","TDK Corporation","","","Active"
"","","C1","100n","Device:C_Small","Capacitor_THT:C_Disc_D4.7mm_W2.5mm_P5.00mm","~","","","","","","","","","","","","",""
"","","C2","10uF","Device:C_Polarized_Small_US","Capacitor_THT:CP_Radial_D6.3mm_P2.50mm","~","","","","","","","","","","","","",""
"","","C3","10uF","Device:C_Polarized_Small_US","Capacitor_THT:CP_Radial_D5.0mm_P2.50mm","~","","","","","","","","","","","","",""
"","","C4","100n","Device:C_Small","Capacitor_THT:C_Disc_D4.7mm_W2.5mm_P5.00mm","~","","","","","","","","","","","","",""
"","","C5",".1uF","Device:C_Small","Capacitor_THT:C_Disc_D4.7mm_W2.5mm_P5.00mm","~","","","","","","","","","","","","",""
"","","C6",".01uF","Device:C_Small","Capacitor_THT:C_Disc_D4.7mm_W2.5mm_P5.00mm","~","","","","","","","","","","","","",""
"","","C7",".01uF","Device:C_Small","Capacitor_THT:C_Disc_D4.7mm_W2.5mm_P5.00mm","~","","","","","","","","","","","","",""
"","","C8",".01uF","Device:C_Small","Capacitor_THT:C_Disc_D4.7mm_W2.5mm_P5.00mm","~","","","","","","","","","","","","",""
"","","C9",".01uF","Device:C_Small","Capacitor_THT:C_Disc_D4.7mm_W2.5mm_P5.00mm","~","","","","","","","","","","","","",""
"","","C10",".01uF","Device:C_Small","Capacitor_THT:C_Disc_D4.7mm_W2.5mm_P5.00mm","~","","","","","","","","","","","","",""
"","","C11",".01uF","Device:C_Small","Capacitor_THT:C_Disc_D4.7mm_W2.5mm_P5.00mm","~","","","","","","","","","","","","",""
"","","C12",".01uF","Device:C_Small","Capacitor_THT:C_Disc_D4.7mm_W2.5mm_P5.00mm","~","","","","","","","","","","","","",""
"","","C13","47pf","Device:C_Small","Capacitor_THT:C_Disc_D4.7mm_W2.5mm_P5.00mm","~","","","","","","","","","","","","",""
"","","C14","47pf","Device:C_Small","Capacitor_THT:C_Disc_D4.7mm_W2.5mm_P5.00mm","~","","","","","","","","","","","","",""
"","","C15",".1uF","Device:C_Small","Capacitor_THT:C_Disc_D4.7mm_W2.5mm_P5.00mm","~","","","","","","","","","","","","",""
"","","C16",".1uF","Device:C_Small","Capacitor_THT:C_Disc_D4.7mm_W2.5mm_P5.00mm","~","","","","","","","","","","","","",""
"","","C17",".1uF","Device:C_Small","Capacitor_THT:C_Disc_D4.7mm_W2.5mm_P5.00mm","~","","","","","","","","","","","","",""
"","","C18","44pf","Device:C_Small","Capacitor_THT:C_Disc_D4.7mm_W2.5mm_P5.00mm","~","","","","","","","","","","","","",""
"","","C19","44pf","Device:C_Small","Capacitor_THT:C_Disc_D4.7mm_W2.5mm_P5.00mm","~","","","","","","","","","","","","",""
"","","C20",".1uF","Device:C_Small","Capacitor_THT:C_Disc_D4.7mm_W2.5mm_P5.00mm","~","","","","","","","","","","","","",""
"","","C21",".1uF","Device:C_Small","Capacitor_THT:C_Disc_D4.7mm_W2.5mm_P5.00mm","~","","","","","","","","","","","","",""
"","","C22",".047uF","Device:C_Small","Capacitor_THT:C_Disc_D4.7mm_W2.5mm_P5.00mm","~","","","","","","","","","","","","",""
"","","C23",".047uF","Device:C_Small","Capacitor_THT:C_Disc_D4.7mm_W2.5mm_P5.00mm","~","","","","","","","","","","","","",""
"","","C24",".047uF","Device:C_Small","Capacitor_THT:C_Disc_D4.7mm_W2.5mm_P5.00mm","~","","","","","","","","","","","","",""
"","","C25",".047uF","Device:C_Small","Capacitor_THT:C_Disc_D4.7mm_W2.5mm_P5.00mm","~","","","","","","","","","","","","",""
"","","D1","1N4002","Diode:1N4002","Diode_THT:D_DO-41_SOD81_P10.16mm_Horizontal","http://www.vishay.com/docs/88503/1n4001.pdf","","","","","","","","","","","","",""
"","","ElV1","ElV","Connector:TestPoint","TestPoint:TestPoint_THTPad_D1.5mm_Drill0.7mm","~","","","","","","","","","","","","",""
"","","F1","5/2.5A","Device:Polyfuse","Fuse:Fuse_BelFuse_0ZRE0033FF_L11.4mm_W3.8mm","~","","","","","","","","","","","","",""
"","","F2","5/2.5A","Device:Polyfuse","Fuse:Fuse_BelFuse_0ZRE0033FF_L11.4mm_W3.8mm","~","","","","","","","","","","","","",""
"","","GND1","GND","Connector:TestPoint","TestPoint:TestPoint_THTPad_D1.5mm_Drill0.7mm","~","","","","","","","","","","","","",""
"","","J1","13V8 In","Connector:Barrel_Jack_MountingPin","Connector_BarrelJack:BarrelJack_CUI_PJ-063AH_Horizontal","~","","","","","","","","","","","","",""
"","","J2","To G5500","SDS-80J:SDS-80J","SDS:CUI_SDS-80J","","","","","","","","CUI Devices","21.40mm","","","1.06/02-13-2020","Manufacturer Recommendations",""
"","","J3","Sensor In","Connector:RJ45","Connector_RJ:RJ45_Amphenol_54602-x08_Horizontal","~","","","","","","","","","","","","",""
"","","J4","GPS Out","dk_USB-DVI-HDMI-Connectors:0548190519","digikey-footprints:USB_Mini_B_Female_548190519","https://www.molex.com/pdm_docs/sd/548190519_sd.pdf","Connectors, Interconnects","https://www.molex.com/pdm_docs/sd/548190519_sd.pdf","/product-detail/en/molex/0548190519/WM17115-ND/773802","CONN RCPT USB2.0 MINI B 5P R/A","WM17115-ND","USB, DVI, HDMI Connectors","","","0548190519","Molex","","","Active"
"","","J5","GPS In","MD-40SM:MD-40SM","SDS:CUI_MD-40SM","","","","","","","","CUI","12.8 mm","","","02/18/2022","Manufacturer Recommendations",""
"","","J6","Nextion HMI","Connector_Generic:Conn_01x04","Connector_PinHeader_2.54mm:PinHeader_1x04_P2.54mm_Vertical","~","","","","","","","","","","","","",""
"","","J7","GPS Sync","Connector_Generic:Conn_01x02","Connector_PinHeader_2.54mm:PinHeader_1x02_P2.54mm_Vertical","~","","","","","","","","","","","","",""
"","","J8","Bttn_Encdr (Optional)","Connector_Generic:Conn_01x08","Connector_PinHeader_2.54mm:PinHeader_1x08_P2.54mm_Vertical","~","","","","","","","","","","","","",""
"","","J9","From USB Host",":Conn_01x04_1","Connector_PinHeader_2.54mm:PinHeader_1x04_P2.54mm_Vertical","~","","","","","","","","","","","","",""
"","","J10","Ext Bat","Connector_Generic:Conn_01x02","Connector_PinHeader_2.54mm:PinHeader_1x02_P2.54mm_Vertical","~","","","","","","","","","","","","",""
"","","J11","Serial 8","Connector_Generic:Conn_01x02","Connector_PinHeader_2.54mm:PinHeader_1x02_P2.54mm_Vertical","~","","","","","","","","","","","","",""
"","","J12","4 Bit LCD (Optional)","Connector_Generic:Conn_01x09","Connector_PinHeader_2.54mm:PinHeader_1x09_P2.54mm_Vertical","~","","","","","","","","","","","","",""
"","","J13","USB Host","Connector:USB_A","digikey-footprints:USB_A_Female_UE27AC54100"," ~","","","","","","","","","","","","",""
"","","J14","NEO-6M GPS","Connector_Generic:Conn_01x05","Connector_PinSocket_2.54mm:PinSocket_1x05_P2.54mm_Vertical","~","","","","","","","","","","","","",""
"","","JP1","Switch","Jumper:Jumper_2_Bridged","Connector_PinSocket_2.54mm:PinSocket_1x02_P2.54mm_Vertical","~","","","","","","","","","","","","",""
"","","JP2","5VDC Out","Jumper:Jumper_2_Open","Connector_PinSocket_2.54mm:PinSocket_1x02_P2.54mm_Vertical","~","","","","","","","","","","","","",""
"","","JP4","VBUS Volt",":Jumper_2_Bridged_1","Connector_PinSocket_2.54mm:PinSocket_1x02_P2.54mm_Vertical","~","","","","","","","","","","","","",""
"","","JP5","GPS RCV Select","Jumper:Jumper_3_Bridged12","Connector_PinHeader_2.54mm:PinHeader_1x03_P2.54mm_Vertical","~","","","","","","","","","","","","",""
"","","R1","1k","Device:R_Small_US","Resistor_THT:R_Axial_DIN0204_L3.6mm_D1.6mm_P7.62mm_Horizontal","~","","","","","","","","","","","","",""
"","","R2","1k","Device:R_Small_US","Resistor_THT:R_Axial_DIN0204_L3.6mm_D1.6mm_P7.62mm_Horizontal","~","","","","","","","","","","","","",""
"","","R8","1k","Device:R_Small_US","Resistor_THT:R_Axial_DIN0204_L3.6mm_D1.6mm_P7.62mm_Horizontal","~","","","","","","","","","","","","",""
"","","R9","1k","Device:R_Small_US","Resistor_THT:R_Axial_DIN0204_L3.6mm_D1.6mm_P7.62mm_Horizontal","~","","","","","","","","","","","","",""
"","","R10","750","Device:R_Small_US","Resistor_THT:R_Axial_DIN0204_L3.6mm_D1.6mm_P7.62mm_Horizontal","~","","","","","","","","","","","","",""
"","","R11","750","Device:R_Small_US","Resistor_THT:R_Axial_DIN0204_L3.6mm_D1.6mm_P7.62mm_Horizontal","~","","","","","","","","","","","","",""
"","","R14","27","Device:R_Small_US","Resistor_THT:R_Axial_DIN0204_L3.6mm_D1.6mm_P7.62mm_Horizontal","~","","","","","","","","","","","","",""
"","","R15","27","Device:R_Small_US","Resistor_THT:R_Axial_DIN0204_L3.6mm_D1.6mm_P7.62mm_Horizontal","~","","","","","","","","","","","","",""
"","","R18","560","Device:R_Small_US","Resistor_THT:R_Axial_DIN0204_L3.6mm_D1.6mm_P7.62mm_Horizontal","~","","","","","","","","","","","","",""
"","","RV1","Brightness","Device:R_Potentiometer_Trim","Potentiometer_THT:Potentiometer_Bourns_3299W_Vertical","~","","","","","","","","","","","","",""
"","","U1","7805 Module","Regulator_Linear:L7805","Package_TO_SOT_THT:TO-220-3_Vertical","http://www.st.com/content/ccc/resource/technical/document/datasheet/41/4f/b3/b0/12/d4/47/88/CD00000444.pdf/files/CD00000444.pdf/jcr:content/translations/en.CD00000444.pdf","","","","","","","","","","","","",""
"","","U2","Teensy4.1","teensy:Teensy4.1","teensy:Teensy41","","","","","","","","","","","","","",""
"","","U4","P82B96","Interface_Expansion:P82B96","Package_DIP:DIP-8_W7.62mm","http://www.nxp.com/documents/data_sheet/P82B96.pdf","","","","","","","","","","","","",""
"","","U5","FT230XS","Interface_USB:FT230XS","Package_SO:SOP-16_4.55x10.3mm_P1.27mm","https://www.ftdichip.com/Support/Documents/DataSheets/ICs/DS_FT230X.pdf","","","","","","","","","","","","",""
"","","U6","ULN2003A","Transistor_Array:ULN2003A","Package_DIP:DIP-16_W7.62mm_Socket","http://www.ti.com/lit/ds/symlink/uln2003a.pdf","","","","","","","","","","","","",""



"Collated Components:"

"Item","Qty","Reference(s)","Value","LibPart","Footprint","Datasheet","Category","DK_Datasheet_Link","DK_Detail_Page","Description","Digi-Key_PN","Family","MANUFACTURER","MAXIMUM_PACKAGE_HEIGHT","MPN","Manufacturer","PARTREV","STANDARD","Status"
"1","1","+3.3V1","+3.3V","Connector:TestPoint","TestPoint:TestPoint_THTPad_D1.5mm_Drill0.7mm","~","","","","","","","","","","","","",""
"2","1","+5V1","+5V","Connector:TestPoint","TestPoint:TestPoint_THTPad_D1.5mm_Drill0.7mm","~","","","","","","","","","","","","",""
"3","1","+13V1","+13V","Connector:TestPoint","TestPoint:TestPoint_THTPad_D1.5mm_Drill0.7mm","~","","","","","","","","","","","","",""
"4","1","AzV1","AzV","Connector:TestPoint","TestPoint:TestPoint_THTPad_D1.5mm_Drill0.7mm","~","","","","","","","","","","","","",""
"5","1","BAT1","CR2032","dk_Battery-Holders-Clips-Contacts:BS-7","digikey-footprints:Battery_Holder_Coin_2032_BS-7","http://www.memoryprotectiondevices.com/datasheets/BS-7-datasheet.pdf","Battery Products","http://www.memoryprotectiondevices.com/datasheets/BS-7-datasheet.pdf","/product-detail/en/mpd-memory-protection-devices/BS-7/BS-7-ND/389447","BATTERY HOLDER COIN 20MM PC PIN","BS-7-ND","Battery Holders, Clips, Contacts","","","BS-7","MPD (Memory Protection Devices)","","","Active"
"6","1","BZ1","PS1240P02BT","dk_Alarms-Buzzers-and-Sirens:PS1240P02BT","digikey-footprints:Piezo_Transducer_THT_PS1240P02BT","https://product.tdk.com/info/en/catalog/datasheets/piezoelectronic_buzzer_ps_en.pdf","Audio Products","https://product.tdk.com/info/en/catalog/datasheets/piezoelectronic_buzzer_ps_en.pdf","/product-detail/en/tdk-corporation/PS1240P02BT/445-2525-1-ND/935930","AUDIO PIEZO TRANSDUCER 30V TH","445-2525-1-ND","Alarms, Buzzers, and Sirens","","","PS1240P02BT","TDK Corporation","","","Active"
"7","2","C1, C4","100n","Device:C_Small","Capacitor_THT:C_Disc_D4.7mm_W2.5mm_P5.00mm","~","","","","","","","","","","","","",""
"8","1","C2","10uF","Device:C_Polarized_Small_US","Capacitor_THT:CP_Radial_D6.3mm_P2.50mm","~","","","","","","","","","","","","",""
"9","1","C3","10uF","Device:C_Polarized_Small_US","Capacitor_THT:CP_Radial_D5.0mm_P2.50mm","~","","","","","","","","","","","","",""
"10","6","C5, C15, C16, C17, C20, C21",".1uF","Device:C_Small","Capacitor_THT:C_Disc_D4.7mm_W2.5mm_P5.00mm","~","","","","","","","","","","","","",""
"11","7","C6, C7, C8, C9, C10, C11, C12",".01uF","Device:C_Small","Capacitor_THT:C_Disc_D4.7mm_W2.5mm_P5.00mm","~","","","","","","","","","","","","",""
"12","2","C13, C14","47pf","Device:C_Small","Capacitor_THT:C_Disc_D4.7mm_W2.5mm_P5.00mm","~","","","","","","","","","","","","",""
"13","2","C18, C19","44pf","Device:C_Small","Capacitor_THT:C_Disc_D4.7mm_W2.5mm_P5.00mm","~","","","","","","","","","","","","",""
"14","4","C22, C23, C24, C25",".047uF","Device:C_Small","Capacitor_THT:C_Disc_D4.7mm_W2.5mm_P5.00mm","~","","","","","","","","","","","","",""
"15","1","D1","1N4002","Diode:1N4002","Diode_THT:D_DO-41_SOD81_P10.16mm_Horizontal","http://www.vishay.com/docs/88503/1n4001.pdf","","","","","","","","","","","","",""
"16","1","ElV1","ElV","Connector:TestPoint","TestPoint:TestPoint_THTPad_D1.5mm_Drill0.7mm","~","","","","","","","","","","","","",""
"17","2","F1, F2","5/2.5A","Device:Polyfuse","Fuse:Fuse_BelFuse_0ZRE0033FF_L11.4mm_W3.8mm","~","","","","","","","","","","","","",""
"18","1","GND1","GND","Connector:TestPoint","TestPoint:TestPoint_THTPad_D1.5mm_Drill0.7mm","~","","","","","","","","","","","","",""
"19","1","J1","13V8 In","Connector:Barrel_Jack_MountingPin","Connector_BarrelJack:BarrelJack_CUI_PJ-063AH_Horizontal","~","","","","","","","","","","","","",""
"20","1","J2","To G5500","SDS-80J:SDS-80J","SDS:CUI_SDS-80J","","","","","","","","CUI Devices","21.40mm","","","1.06/02-13-2020","Manufacturer Recommendations",""
"21","1","J3","Sensor In","Connector:RJ45","Connector_RJ:RJ45_Amphenol_54602-x08_Horizontal","~","","","","","","","","","","","","",""
"22","1","J4","GPS Out","dk_USB-DVI-HDMI-Connectors:0548190519","digikey-footprints:USB_Mini_B_Female_548190519","https://www.molex.com/pdm_docs/sd/548190519_sd.pdf","Connectors, Interconnects","https://www.molex.com/pdm_docs/sd/548190519_sd.pdf","/product-detail/en/molex/0548190519/WM17115-ND/773802","CONN RCPT USB2.0 MINI B 5P R/A","WM17115-ND","USB, DVI, HDMI Connectors","","","0548190519","Molex","","","Active"
"23","1","J5","GPS In","MD-40SM:MD-40SM","SDS:CUI_MD-40SM","","","","","","","","CUI","12.8 mm","","","02/18/2022","Manufacturer Recommendations",""
"24","1","J6","Nextion HMI","Connector_Generic:Conn_01x04","Connector_PinHeader_2.54mm:PinHeader_1x04_P2.54mm_Vertical","~","","","","","","","","","","","","",""
"25","1","J7","GPS Sync","Connector_Generic:Conn_01x02","Connector_PinHeader_2.54mm:PinHeader_1x02_P2.54mm_Vertical","~","","","","","","","","","","","","",""
"26","1","J8","Bttn_Encdr (Optional)","Connector_Generic:Conn_01x08","Connector_PinHeader_2.54mm:PinHeader_1x08_P2.54mm_Vertical","~","","","","","","","","","","","","",""
"27","1","J9","From USB Host",":Conn_01x04_1","Connector_PinHeader_2.54mm:PinHeader_1x04_P2.54mm_Vertical","~","","","","","","","","","","","","",""
"28","1","J10","Ext Bat","Connector_Generic:Conn_01x02","Connector_PinHeader_2.54mm:PinHeader_1x02_P2.54mm_Vertical","~","","","","","","","","","","","","",""
"29","1","J11","Serial 8","Connector_Generic:Conn_01x02","Connector_PinHeader_2.54mm:PinHeader_1x02_P2.54mm_Vertical","~","","","","","","","","","","","","",""
"30","1","J12","4 Bit LCD (Optional)","Connector_Generic:Conn_01x09","Connector_PinHeader_2.54mm:PinHeader_1x09_P2.54mm_Vertical","~","","","","","","","","","","","","",""
"31","1","J13","USB Host","Connector:USB_A","digikey-footprints:USB_A_Female_UE27AC54100"," ~","","","","","","","","","","","","",""
"32","1","J14","NEO-6M GPS","Connector_Generic:Conn_01x05","Connector_PinSocket_2.54mm:PinSocket_1x05_P2.54mm_Vertical","~","","","","","","","","","","","","",""
"33","1","JP1","Switch","Jumper:Jumper_2_Bridged","Connector_PinSocket_2.54mm:PinSocket_1x02_P2.54mm_Vertical","~","","","","","","","","","","","","",""
"34","1","JP2","5VDC Out","Jumper:Jumper_2_Open","Connector_PinSocket_2.54mm:PinSocket_1x02_P2.54mm_Vertical","~","","","","","","","","","","","","",""
"35","1","JP4","VBUS Volt",":Jumper_2_Bridged_1","Connector_PinSocket_2.54mm:PinSocket_1x02_P2.54mm_Vertical","~","","","","","","","","","","","","",""
"36","1","JP5","GPS RCV Select","Jumper:Jumper_3_Bridged12","Connector_PinHeader_2.54mm:PinHeader_1x03_P2.54mm_Vertical","~","","","","","","","","","","","","",""
"37","4","R1, R2, R8, R9","1k","Device:R_Small_US","Resistor_THT:R_Axial_DIN0204_L3.6mm_D1.6mm_P7.62mm_Horizontal","~","","","","","","","","","","","","",""
"38","2","R10, R11","750","Device:R_Small_US","Resistor_THT:R_Axial_DIN0204_L3.6mm_D1.6mm_P7.62mm_Horizontal","~","","","","","","","","","","","","",""
"39","2","R14, R15","27","Device:R_Small_US","Resistor_THT:R_Axial_DIN0204_L3.6mm_D1.6mm_P7.62mm_Horizontal","~","","","","","","","","","","","","",""
"40","1","R18","560","Device:R_Small_US","Resistor_THT:R_Axial_DIN0204_L3.6mm_D1.6mm_P7.62mm_Horizontal","~","","","","","","","","","","","","",""
"41","1","RV1","Brightness","Device:R_Potentiometer_Trim","Potentiometer_THT:Potentiometer_Bourns_3299W_Vertical","~","","","","","","","","","","","","",""
"42","1","U1","7805 Module","Regulator_Linear:L7805","Package_TO_SOT_THT:TO-220-3_Vertical","http://www.st.com/content/ccc/resource/technical/document/datasheet/41/4f/b3/b0/12/d4/47/88/CD00000444.pdf/files/CD00000444.pdf/jcr:content/translations/en.CD00000444.pdf","","","","","","","","","","","","",""
"43","1","U2","Teensy4.1","teensy:Teensy4.1","teensy:Teensy41","","","","","","","","","","","","","",""
"44","1","U4","P82B96","Interface_Expansion:P82B96","Package_DIP:DIP-8_W7.62mm","http://www.nxp.com/documents/data_sheet/P82B96.pdf","","","","","","","","","","","","",""
"45","1","U5","FT230XS","Interface_USB:FT230XS","Package_SO:SOP-16_4.55x10.3mm_P1.27mm","https://www.ftdichip.com/Support/Documents/DataSheets/ICs/DS_FT230X.pdf","","","","","","","","","","","","",""
"46","1","U6","ULN2003A","Transistor_Array:ULN2003A","Package_DIP:DIP-16_W7.62mm_Socket","http://www.ti.com/lit/ds/symlink/uln2003a.pdf","","","","","","","","","","","","",""
