<?xml version="1.0" encoding="UTF-8"?>
<export version="E">
  <design>
    <source>C:\Users\Alan Hanson\OneDrive\Alan's Folder\KiCAD\6.0\projects\W3ISR\w3isr\w3isr_rtrcntlr\w3isr_rtrcntlr.kicad_sch</source>
    <date>2/2/2023 10:49:45 AM</date>
    <tool>Eeschema (6.0.5)</tool>
    <sheet number="1" name="/" tstamps="/">
      <title_block>
        <title/>
        <company/>
        <rev/>
        <date/>
        <source>w3isr_rtrcntlr.kicad_sch</source>
        <comment number="1" value=""/>
        <comment number="2" value=""/>
        <comment number="3" value=""/>
        <comment number="4" value=""/>
        <comment number="5" value=""/>
        <comment number="6" value=""/>
        <comment number="7" value=""/>
        <comment number="8" value=""/>
        <comment number="9" value=""/>
      </title_block>
    </sheet>
  </design>
  <components>
    <comp ref="+3.3V1">
      <value>+3.3V</value>
      <footprint>TestPoint:TestPoint_THTPad_D1.5mm_Drill0.7mm</footprint>
      <libsource lib="Connector" part="TestPoint" description="test point"/>
      <property name="Sheetname" value=""/>
      <property name="Sheetfile" value="w3isr_rtrcntlr.kicad_sch"/>
      <sheetpath names="/" tstamps="/"/>
      <tstamps>868620b4-4af1-44cb-aeab-89ef204bb593</tstamps>
    </comp>
    <comp ref="+5V1">
      <value>+5V</value>
      <footprint>TestPoint:TestPoint_THTPad_D1.5mm_Drill0.7mm</footprint>
      <libsource lib="Connector" part="TestPoint" description="test point"/>
      <property name="Sheetname" value=""/>
      <property name="Sheetfile" value="w3isr_rtrcntlr.kicad_sch"/>
      <sheetpath names="/" tstamps="/"/>
      <tstamps>fcea0110-9d12-42ea-b596-57a9683eaee0</tstamps>
    </comp>
    <comp ref="+13V1">
      <value>+13V</value>
      <footprint>TestPoint:TestPoint_THTPad_D1.5mm_Drill0.7mm</footprint>
      <libsource lib="Connector" part="TestPoint" description="test point"/>
      <property name="Sheetname" value=""/>
      <property name="Sheetfile" value="w3isr_rtrcntlr.kicad_sch"/>
      <sheetpath names="/" tstamps="/"/>
      <tstamps>98a2ecfc-a115-4b6c-b955-3f312e46a463</tstamps>
    </comp>
    <comp ref="AzV1">
      <value>AzV</value>
      <footprint>TestPoint:TestPoint_THTPad_D1.5mm_Drill0.7mm</footprint>
      <libsource lib="Connector" part="TestPoint" description="test point"/>
      <property name="Sheetname" value=""/>
      <property name="Sheetfile" value="w3isr_rtrcntlr.kicad_sch"/>
      <sheetpath names="/" tstamps="/"/>
      <tstamps>e901bf66-f4a1-4be0-b7a7-f21f7a0b9bf1</tstamps>
    </comp>
    <comp ref="BAT1">
      <value>CR2032</value>
      <footprint>digikey-footprints:Battery_Holder_Coin_2032_BS-7</footprint>
      <datasheet>http://www.memoryprotectiondevices.com/datasheets/BS-7-datasheet.pdf</datasheet>
      <fields>
        <field name="Category">Battery Products</field>
        <field name="DK_Datasheet_Link">http://www.memoryprotectiondevices.com/datasheets/BS-7-datasheet.pdf</field>
        <field name="DK_Detail_Page">/product-detail/en/mpd-memory-protection-devices/BS-7/BS-7-ND/389447</field>
        <field name="Description">BATTERY HOLDER COIN 20MM PC PIN</field>
        <field name="Digi-Key_PN">BS-7-ND</field>
        <field name="Family">Battery Holders, Clips, Contacts</field>
        <field name="MPN">BS-7</field>
        <field name="Manufacturer">MPD (Memory Protection Devices)</field>
        <field name="Status">Active</field>
      </fields>
      <libsource lib="dk_Battery-Holders-Clips-Contacts" part="BS-7" description="BATTERY HOLDER COIN 20MM PC PIN"/>
      <property name="Digi-Key_PN" value="BS-7-ND"/>
      <property name="MPN" value="BS-7"/>
      <property name="Category" value="Battery Products"/>
      <property name="Family" value="Battery Holders, Clips, Contacts"/>
      <property name="DK_Datasheet_Link" value="http://www.memoryprotectiondevices.com/datasheets/BS-7-datasheet.pdf"/>
      <property name="DK_Detail_Page" value="/product-detail/en/mpd-memory-protection-devices/BS-7/BS-7-ND/389447"/>
      <property name="Description" value="BATTERY HOLDER COIN 20MM PC PIN"/>
      <property name="Manufacturer" value="MPD (Memory Protection Devices)"/>
      <property name="Status" value="Active"/>
      <property name="Sheetname" value=""/>
      <property name="Sheetfile" value="w3isr_rtrcntlr.kicad_sch"/>
      <sheetpath names="/" tstamps="/"/>
      <tstamps>aa498c99-27e9-4e05-9746-53d28fd32176</tstamps>
    </comp>
    <comp ref="BZ1">
      <value>PS1240P02BT</value>
      <footprint>digikey-footprints:Piezo_Transducer_THT_PS1240P02BT</footprint>
      <datasheet>https://product.tdk.com/info/en/catalog/datasheets/piezoelectronic_buzzer_ps_en.pdf</datasheet>
      <fields>
        <field name="Category">Audio Products</field>
        <field name="DK_Datasheet_Link">https://product.tdk.com/info/en/catalog/datasheets/piezoelectronic_buzzer_ps_en.pdf</field>
        <field name="DK_Detail_Page">/product-detail/en/tdk-corporation/PS1240P02BT/445-2525-1-ND/935930</field>
        <field name="Description">AUDIO PIEZO TRANSDUCER 30V TH</field>
        <field name="Digi-Key_PN">445-2525-1-ND</field>
        <field name="Family">Alarms, Buzzers, and Sirens</field>
        <field name="MPN">PS1240P02BT</field>
        <field name="Manufacturer">TDK Corporation</field>
        <field name="Status">Active</field>
      </fields>
      <libsource lib="dk_Alarms-Buzzers-and-Sirens" part="PS1240P02BT" description="AUDIO PIEZO TRANSDUCER 30V TH"/>
      <property name="Digi-Key_PN" value="445-2525-1-ND"/>
      <property name="MPN" value="PS1240P02BT"/>
      <property name="Category" value="Audio Products"/>
      <property name="Family" value="Alarms, Buzzers, and Sirens"/>
      <property name="DK_Datasheet_Link" value="https://product.tdk.com/info/en/catalog/datasheets/piezoelectronic_buzzer_ps_en.pdf"/>
      <property name="DK_Detail_Page" value="/product-detail/en/tdk-corporation/PS1240P02BT/445-2525-1-ND/935930"/>
      <property name="Description" value="AUDIO PIEZO TRANSDUCER 30V TH"/>
      <property name="Manufacturer" value="TDK Corporation"/>
      <property name="Status" value="Active"/>
      <property name="Sheetname" value=""/>
      <property name="Sheetfile" value="w3isr_rtrcntlr.kicad_sch"/>
      <sheetpath names="/" tstamps="/"/>
      <tstamps>30fe716b-4fcd-475c-8229-6e26fc19369d</tstamps>
    </comp>
    <comp ref="C1">
      <value>100n</value>
      <footprint>Capacitor_THT:C_Disc_D4.7mm_W2.5mm_P5.00mm</footprint>
      <libsource lib="Device" part="C_Small" description="Unpolarized capacitor, small symbol"/>
      <property name="Sheetname" value=""/>
      <property name="Sheetfile" value="w3isr_rtrcntlr.kicad_sch"/>
      <sheetpath names="/" tstamps="/"/>
      <tstamps>eda12143-6f0f-407e-909a-c737bf96b8b7</tstamps>
    </comp>
    <comp ref="C2">
      <value>10uF</value>
      <footprint>Capacitor_THT:CP_Radial_D6.3mm_P2.50mm</footprint>
      <libsource lib="Device" part="C_Polarized_Small_US" description="Polarized capacitor, small US symbol"/>
      <property name="Sheetname" value=""/>
      <property name="Sheetfile" value="w3isr_rtrcntlr.kicad_sch"/>
      <sheetpath names="/" tstamps="/"/>
      <tstamps>f57a8e6c-6e5f-4d23-9ff7-408a898781e4</tstamps>
    </comp>
    <comp ref="C3">
      <value>10uF</value>
      <footprint>Capacitor_THT:CP_Radial_D5.0mm_P2.50mm</footprint>
      <libsource lib="Device" part="C_Polarized_Small_US" description="Polarized capacitor, small US symbol"/>
      <property name="Sheetname" value=""/>
      <property name="Sheetfile" value="w3isr_rtrcntlr.kicad_sch"/>
      <sheetpath names="/" tstamps="/"/>
      <tstamps>fb2e50d4-f8d7-4271-a5ea-387c37f9dd6f</tstamps>
    </comp>
    <comp ref="C4">
      <value>100n</value>
      <footprint>Capacitor_THT:C_Disc_D4.7mm_W2.5mm_P5.00mm</footprint>
      <libsource lib="Device" part="C_Small" description="Unpolarized capacitor, small symbol"/>
      <property name="Sheetname" value=""/>
      <property name="Sheetfile" value="w3isr_rtrcntlr.kicad_sch"/>
      <sheetpath names="/" tstamps="/"/>
      <tstamps>dafcd418-ceeb-4e83-9eb6-781ad059d023</tstamps>
    </comp>
    <comp ref="C5">
      <value>.1uF</value>
      <footprint>Capacitor_THT:C_Disc_D4.7mm_W2.5mm_P5.00mm</footprint>
      <libsource lib="Device" part="C_Small" description="Unpolarized capacitor, small symbol"/>
      <property name="Sheetname" value=""/>
      <property name="Sheetfile" value="w3isr_rtrcntlr.kicad_sch"/>
      <sheetpath names="/" tstamps="/"/>
      <tstamps>48e2d896-08c6-4a3e-9270-e22a643ced2c</tstamps>
    </comp>
    <comp ref="C6">
      <value>.01uF</value>
      <footprint>Capacitor_THT:C_Disc_D4.7mm_W2.5mm_P5.00mm</footprint>
      <libsource lib="Device" part="C_Small" description="Unpolarized capacitor, small symbol"/>
      <property name="Sheetname" value=""/>
      <property name="Sheetfile" value="w3isr_rtrcntlr.kicad_sch"/>
      <sheetpath names="/" tstamps="/"/>
      <tstamps>e9a7aa77-45c7-46fc-a9fc-5bc788e4fed7</tstamps>
    </comp>
    <comp ref="C7">
      <value>.01uF</value>
      <footprint>Capacitor_THT:C_Disc_D4.7mm_W2.5mm_P5.00mm</footprint>
      <libsource lib="Device" part="C_Small" description="Unpolarized capacitor, small symbol"/>
      <property name="Sheetname" value=""/>
      <property name="Sheetfile" value="w3isr_rtrcntlr.kicad_sch"/>
      <sheetpath names="/" tstamps="/"/>
      <tstamps>d1f00770-36af-484b-9842-568ecf5f3d66</tstamps>
    </comp>
    <comp ref="C8">
      <value>.01uF</value>
      <footprint>Capacitor_THT:C_Disc_D4.7mm_W2.5mm_P5.00mm</footprint>
      <libsource lib="Device" part="C_Small" description="Unpolarized capacitor, small symbol"/>
      <property name="Sheetname" value=""/>
      <property name="Sheetfile" value="w3isr_rtrcntlr.kicad_sch"/>
      <sheetpath names="/" tstamps="/"/>
      <tstamps>bea61b67-cd39-4695-847d-49a732060b53</tstamps>
    </comp>
    <comp ref="C9">
      <value>.01uF</value>
      <footprint>Capacitor_THT:C_Disc_D4.7mm_W2.5mm_P5.00mm</footprint>
      <libsource lib="Device" part="C_Small" description="Unpolarized capacitor, small symbol"/>
      <property name="Sheetname" value=""/>
      <property name="Sheetfile" value="w3isr_rtrcntlr.kicad_sch"/>
      <sheetpath names="/" tstamps="/"/>
      <tstamps>f84769e3-2ac1-48c1-80f9-dda2b33b9b89</tstamps>
    </comp>
    <comp ref="C10">
      <value>.01uF</value>
      <footprint>Capacitor_THT:C_Disc_D4.7mm_W2.5mm_P5.00mm</footprint>
      <libsource lib="Device" part="C_Small" description="Unpolarized capacitor, small symbol"/>
      <property name="Sheetname" value=""/>
      <property name="Sheetfile" value="w3isr_rtrcntlr.kicad_sch"/>
      <sheetpath names="/" tstamps="/"/>
      <tstamps>0b482efb-d460-4021-bed7-1c1382ddd2db</tstamps>
    </comp>
    <comp ref="C11">
      <value>.01uF</value>
      <footprint>Capacitor_THT:C_Disc_D4.7mm_W2.5mm_P5.00mm</footprint>
      <libsource lib="Device" part="C_Small" description="Unpolarized capacitor, small symbol"/>
      <property name="Sheetname" value=""/>
      <property name="Sheetfile" value="w3isr_rtrcntlr.kicad_sch"/>
      <sheetpath names="/" tstamps="/"/>
      <tstamps>5194124f-752d-4c50-b50c-0f586c581bf1</tstamps>
    </comp>
    <comp ref="C12">
      <value>.01uF</value>
      <footprint>Capacitor_THT:C_Disc_D4.7mm_W2.5mm_P5.00mm</footprint>
      <libsource lib="Device" part="C_Small" description="Unpolarized capacitor, small symbol"/>
      <property name="Sheetname" value=""/>
      <property name="Sheetfile" value="w3isr_rtrcntlr.kicad_sch"/>
      <sheetpath names="/" tstamps="/"/>
      <tstamps>d33b363b-2d24-42d8-a932-5612f920de6e</tstamps>
    </comp>
    <comp ref="C13">
      <value>47pf</value>
      <footprint>Capacitor_THT:C_Disc_D4.7mm_W2.5mm_P5.00mm</footprint>
      <libsource lib="Device" part="C_Small" description="Unpolarized capacitor, small symbol"/>
      <property name="Sheetname" value=""/>
      <property name="Sheetfile" value="w3isr_rtrcntlr.kicad_sch"/>
      <sheetpath names="/" tstamps="/"/>
      <tstamps>860e9215-3633-4192-8a80-92d5f346c021</tstamps>
    </comp>
    <comp ref="C14">
      <value>47pf</value>
      <footprint>Capacitor_THT:C_Disc_D4.7mm_W2.5mm_P5.00mm</footprint>
      <libsource lib="Device" part="C_Small" description="Unpolarized capacitor, small symbol"/>
      <property name="Sheetname" value=""/>
      <property name="Sheetfile" value="w3isr_rtrcntlr.kicad_sch"/>
      <sheetpath names="/" tstamps="/"/>
      <tstamps>2c76558e-2428-421a-b7e6-9282c393a186</tstamps>
    </comp>
    <comp ref="C15">
      <value>.1uF</value>
      <footprint>Capacitor_THT:C_Disc_D4.7mm_W2.5mm_P5.00mm</footprint>
      <libsource lib="Device" part="C_Small" description="Unpolarized capacitor, small symbol"/>
      <property name="Sheetname" value=""/>
      <property name="Sheetfile" value="w3isr_rtrcntlr.kicad_sch"/>
      <sheetpath names="/" tstamps="/"/>
      <tstamps>dc297a33-0586-4a66-9b8f-e3363cbe80ef</tstamps>
    </comp>
    <comp ref="C16">
      <value>.1uF</value>
      <footprint>Capacitor_THT:C_Disc_D4.7mm_W2.5mm_P5.00mm</footprint>
      <libsource lib="Device" part="C_Small" description="Unpolarized capacitor, small symbol"/>
      <property name="Sheetname" value=""/>
      <property name="Sheetfile" value="w3isr_rtrcntlr.kicad_sch"/>
      <sheetpath names="/" tstamps="/"/>
      <tstamps>8e7bf3cd-eddd-4604-81c1-38afd5a46fb5</tstamps>
    </comp>
    <comp ref="C17">
      <value>.1uF</value>
      <footprint>Capacitor_THT:C_Disc_D4.7mm_W2.5mm_P5.00mm</footprint>
      <libsource lib="Device" part="C_Small" description="Unpolarized capacitor, small symbol"/>
      <property name="Sheetname" value=""/>
      <property name="Sheetfile" value="w3isr_rtrcntlr.kicad_sch"/>
      <sheetpath names="/" tstamps="/"/>
      <tstamps>05269add-170c-46f4-a332-c29b6490ca32</tstamps>
    </comp>
    <comp ref="C18">
      <value>44pf</value>
      <footprint>Capacitor_THT:C_Disc_D4.7mm_W2.5mm_P5.00mm</footprint>
      <libsource lib="Device" part="C_Small" description="Unpolarized capacitor, small symbol"/>
      <property name="Sheetname" value=""/>
      <property name="Sheetfile" value="w3isr_rtrcntlr.kicad_sch"/>
      <sheetpath names="/" tstamps="/"/>
      <tstamps>30c57759-8632-491c-8034-e901647824e5</tstamps>
    </comp>
    <comp ref="C19">
      <value>44pf</value>
      <footprint>Capacitor_THT:C_Disc_D4.7mm_W2.5mm_P5.00mm</footprint>
      <libsource lib="Device" part="C_Small" description="Unpolarized capacitor, small symbol"/>
      <property name="Sheetname" value=""/>
      <property name="Sheetfile" value="w3isr_rtrcntlr.kicad_sch"/>
      <sheetpath names="/" tstamps="/"/>
      <tstamps>17e6a9c7-86f4-4744-a808-e6bd1cadd0d8</tstamps>
    </comp>
    <comp ref="C20">
      <value>.1uF</value>
      <footprint>Capacitor_THT:C_Disc_D4.7mm_W2.5mm_P5.00mm</footprint>
      <libsource lib="Device" part="C_Small" description="Unpolarized capacitor, small symbol"/>
      <property name="Sheetname" value=""/>
      <property name="Sheetfile" value="w3isr_rtrcntlr.kicad_sch"/>
      <sheetpath names="/" tstamps="/"/>
      <tstamps>ff563ca5-7b6f-4207-aec9-95bde1ae1f6f</tstamps>
    </comp>
    <comp ref="C21">
      <value>.1uF</value>
      <footprint>Capacitor_THT:C_Disc_D4.7mm_W2.5mm_P5.00mm</footprint>
      <libsource lib="Device" part="C_Small" description="Unpolarized capacitor, small symbol"/>
      <property name="Sheetname" value=""/>
      <property name="Sheetfile" value="w3isr_rtrcntlr.kicad_sch"/>
      <sheetpath names="/" tstamps="/"/>
      <tstamps>fd4c478e-c77d-4478-b2ef-c421deb3aaef</tstamps>
    </comp>
    <comp ref="C22">
      <value>.047uF</value>
      <footprint>Capacitor_THT:C_Disc_D4.7mm_W2.5mm_P5.00mm</footprint>
      <libsource lib="Device" part="C_Small" description="Unpolarized capacitor, small symbol"/>
      <property name="Sheetname" value=""/>
      <property name="Sheetfile" value="w3isr_rtrcntlr.kicad_sch"/>
      <sheetpath names="/" tstamps="/"/>
      <tstamps>86164246-bb23-41e1-ae5e-2f3e8fb0962b</tstamps>
    </comp>
    <comp ref="C23">
      <value>.047uF</value>
      <footprint>Capacitor_THT:C_Disc_D4.7mm_W2.5mm_P5.00mm</footprint>
      <libsource lib="Device" part="C_Small" description="Unpolarized capacitor, small symbol"/>
      <property name="Sheetname" value=""/>
      <property name="Sheetfile" value="w3isr_rtrcntlr.kicad_sch"/>
      <sheetpath names="/" tstamps="/"/>
      <tstamps>ee820ce0-4978-4724-beef-9c36df743a08</tstamps>
    </comp>
    <comp ref="C24">
      <value>.047uF</value>
      <footprint>Capacitor_THT:C_Disc_D4.7mm_W2.5mm_P5.00mm</footprint>
      <libsource lib="Device" part="C_Small" description="Unpolarized capacitor, small symbol"/>
      <property name="Sheetname" value=""/>
      <property name="Sheetfile" value="w3isr_rtrcntlr.kicad_sch"/>
      <sheetpath names="/" tstamps="/"/>
      <tstamps>c6c34a30-87cd-47f1-a2f3-4fb69a7ae61c</tstamps>
    </comp>
    <comp ref="C25">
      <value>.047uF</value>
      <footprint>Capacitor_THT:C_Disc_D4.7mm_W2.5mm_P5.00mm</footprint>
      <libsource lib="Device" part="C_Small" description="Unpolarized capacitor, small symbol"/>
      <property name="Sheetname" value=""/>
      <property name="Sheetfile" value="w3isr_rtrcntlr.kicad_sch"/>
      <sheetpath names="/" tstamps="/"/>
      <tstamps>a4ebcdaf-8b59-447b-8ee2-7386541394de</tstamps>
    </comp>
    <comp ref="D1">
      <value>1N4002</value>
      <footprint>Diode_THT:D_DO-41_SOD81_P10.16mm_Horizontal</footprint>
      <datasheet>http://www.vishay.com/docs/88503/1n4001.pdf</datasheet>
      <libsource lib="Diode" part="1N4002" description="100V 1A General Purpose Rectifier Diode, DO-41"/>
      <property name="Sheetname" value=""/>
      <property name="Sheetfile" value="w3isr_rtrcntlr.kicad_sch"/>
      <sheetpath names="/" tstamps="/"/>
      <tstamps>8c369c9b-a845-44db-86f9-195ccdc08702</tstamps>
    </comp>
    <comp ref="ElV1">
      <value>ElV</value>
      <footprint>TestPoint:TestPoint_THTPad_D1.5mm_Drill0.7mm</footprint>
      <libsource lib="Connector" part="TestPoint" description="test point"/>
      <property name="Sheetname" value=""/>
      <property name="Sheetfile" value="w3isr_rtrcntlr.kicad_sch"/>
      <sheetpath names="/" tstamps="/"/>
      <tstamps>221faff3-8ebe-4d0b-84e5-6cbd372a164d</tstamps>
    </comp>
    <comp ref="F1">
      <value>5/2.5A</value>
      <footprint>Fuse:Fuse_BelFuse_0ZRE0033FF_L11.4mm_W3.8mm</footprint>
      <libsource lib="Device" part="Polyfuse" description="Resettable fuse, polymeric positive temperature coefficient"/>
      <property name="Sheetname" value=""/>
      <property name="Sheetfile" value="w3isr_rtrcntlr.kicad_sch"/>
      <sheetpath names="/" tstamps="/"/>
      <tstamps>2f054907-989d-424b-8467-8767aba3566e</tstamps>
    </comp>
    <comp ref="F2">
      <value>5/2.5A</value>
      <footprint>Fuse:Fuse_BelFuse_0ZRE0033FF_L11.4mm_W3.8mm</footprint>
      <libsource lib="Device" part="Polyfuse" description="Resettable fuse, polymeric positive temperature coefficient"/>
      <property name="Sheetname" value=""/>
      <property name="Sheetfile" value="w3isr_rtrcntlr.kicad_sch"/>
      <sheetpath names="/" tstamps="/"/>
      <tstamps>0dea5cd6-2be8-4130-968b-d7e96153ddb5</tstamps>
    </comp>
    <comp ref="GND1">
      <value>GND</value>
      <footprint>TestPoint:TestPoint_THTPad_D1.5mm_Drill0.7mm</footprint>
      <libsource lib="Connector" part="TestPoint" description="test point"/>
      <property name="Sheetname" value=""/>
      <property name="Sheetfile" value="w3isr_rtrcntlr.kicad_sch"/>
      <sheetpath names="/" tstamps="/"/>
      <tstamps>52836f64-6e38-4ec6-a17f-a277f7ea1f2d</tstamps>
    </comp>
    <comp ref="J1">
      <value>13V8 In</value>
      <footprint>Connector_BarrelJack:BarrelJack_CUI_PJ-063AH_Horizontal</footprint>
      <libsource lib="Connector" part="Barrel_Jack_MountingPin" description="DC Barrel Jack with a mounting pin"/>
      <property name="Sheetname" value=""/>
      <property name="Sheetfile" value="w3isr_rtrcntlr.kicad_sch"/>
      <sheetpath names="/" tstamps="/"/>
      <tstamps>efc80996-9c35-4526-88b2-fd8ea95cc921</tstamps>
    </comp>
    <comp ref="J2">
      <value>To G5500</value>
      <footprint>SDS:CUI_SDS-80J</footprint>
      <fields>
        <field name="MANUFACTURER">CUI Devices</field>
        <field name="MAXIMUM_PACKAGE_HEIGHT">21.40mm</field>
        <field name="PARTREV">1.06/02-13-2020</field>
        <field name="STANDARD">Manufacturer Recommendations</field>
      </fields>
      <libsource lib="SDS-80J" part="SDS-80J" description=""/>
      <property name="STANDARD" value="Manufacturer Recommendations"/>
      <property name="PARTREV" value="1.06/02-13-2020"/>
      <property name="MANUFACTURER" value="CUI Devices"/>
      <property name="MAXIMUM_PACKAGE_HEIGHT" value="21.40mm"/>
      <property name="Sheetname" value=""/>
      <property name="Sheetfile" value="w3isr_rtrcntlr.kicad_sch"/>
      <sheetpath names="/" tstamps="/"/>
      <tstamps>aa103f25-69ed-45b5-ab13-f6c953e2735c</tstamps>
    </comp>
    <comp ref="J3">
      <value>Sensor In</value>
      <footprint>Connector_RJ:RJ45_Amphenol_54602-x08_Horizontal</footprint>
      <libsource lib="Connector" part="RJ45" description="RJ connector, 8P8C (8 positions 8 connected)"/>
      <property name="Sheetname" value=""/>
      <property name="Sheetfile" value="w3isr_rtrcntlr.kicad_sch"/>
      <sheetpath names="/" tstamps="/"/>
      <tstamps>8f7cb86a-8d1f-4ec3-a394-9e965e17d430</tstamps>
    </comp>
    <comp ref="J4">
      <value>GPS Out</value>
      <footprint>digikey-footprints:USB_Mini_B_Female_548190519</footprint>
      <datasheet>https://www.molex.com/pdm_docs/sd/548190519_sd.pdf</datasheet>
      <fields>
        <field name="Category">Connectors, Interconnects</field>
        <field name="DK_Datasheet_Link">https://www.molex.com/pdm_docs/sd/548190519_sd.pdf</field>
        <field name="DK_Detail_Page">/product-detail/en/molex/0548190519/WM17115-ND/773802</field>
        <field name="Description">CONN RCPT USB2.0 MINI B 5P R/A</field>
        <field name="Digi-Key_PN">WM17115-ND</field>
        <field name="Family">USB, DVI, HDMI Connectors</field>
        <field name="MPN">0548190519</field>
        <field name="Manufacturer">Molex</field>
        <field name="Status">Active</field>
      </fields>
      <libsource lib="dk_USB-DVI-HDMI-Connectors" part="0548190519" description="CONN RCPT USB2.0 MINI B 5P R/A"/>
      <property name="Digi-Key_PN" value="WM17115-ND"/>
      <property name="MPN" value="0548190519"/>
      <property name="Category" value="Connectors, Interconnects"/>
      <property name="Family" value="USB, DVI, HDMI Connectors"/>
      <property name="DK_Datasheet_Link" value="https://www.molex.com/pdm_docs/sd/548190519_sd.pdf"/>
      <property name="DK_Detail_Page" value="/product-detail/en/molex/0548190519/WM17115-ND/773802"/>
      <property name="Description" value="CONN RCPT USB2.0 MINI B 5P R/A"/>
      <property name="Manufacturer" value="Molex"/>
      <property name="Status" value="Active"/>
      <property name="Sheetname" value=""/>
      <property name="Sheetfile" value="w3isr_rtrcntlr.kicad_sch"/>
      <sheetpath names="/" tstamps="/"/>
      <tstamps>6f6351ca-2736-4780-8ea5-7de3ae76994c</tstamps>
    </comp>
    <comp ref="J5">
      <value>GPS In</value>
      <footprint>SDS:CUI_MD-40SM</footprint>
      <fields>
        <field name="MANUFACTURER">CUI</field>
        <field name="MAXIMUM_PACKAGE_HEIGHT">12.8 mm</field>
        <field name="PARTREV">02/18/2022</field>
        <field name="STANDARD">Manufacturer Recommendations</field>
      </fields>
      <libsource lib="MD-40SM" part="MD-40SM" description=""/>
      <property name="MAXIMUM_PACKAGE_HEIGHT" value="12.8 mm"/>
      <property name="PARTREV" value="02/18/2022"/>
      <property name="MANUFACTURER" value="CUI"/>
      <property name="STANDARD" value="Manufacturer Recommendations"/>
      <property name="Sheetname" value=""/>
      <property name="Sheetfile" value="w3isr_rtrcntlr.kicad_sch"/>
      <sheetpath names="/" tstamps="/"/>
      <tstamps>ad895249-e845-4a6d-9153-231805a1f649</tstamps>
    </comp>
    <comp ref="J6">
      <value>Nextion HMI</value>
      <footprint>Connector_PinHeader_2.54mm:PinHeader_1x04_P2.54mm_Vertical</footprint>
      <libsource lib="Connector_Generic" part="Conn_01x04" description="Generic connector, single row, 01x04, script generated (kicad-library-utils/schlib/autogen/connector/)"/>
      <property name="Sheetname" value=""/>
      <property name="Sheetfile" value="w3isr_rtrcntlr.kicad_sch"/>
      <sheetpath names="/" tstamps="/"/>
      <tstamps>bf00a740-015d-4ffa-bd07-226b1de0ce7f</tstamps>
    </comp>
    <comp ref="J7">
      <value>GPS Sync</value>
      <footprint>Connector_PinHeader_2.54mm:PinHeader_1x02_P2.54mm_Vertical</footprint>
      <libsource lib="Connector_Generic" part="Conn_01x02" description="Generic connector, single row, 01x02, script generated (kicad-library-utils/schlib/autogen/connector/)"/>
      <property name="Sheetname" value=""/>
      <property name="Sheetfile" value="w3isr_rtrcntlr.kicad_sch"/>
      <sheetpath names="/" tstamps="/"/>
      <tstamps>015f8cf1-0c55-4c02-9bed-83c744ab088e</tstamps>
    </comp>
    <comp ref="J8">
      <value>Bttn_Encdr (Optional)</value>
      <footprint>Connector_PinHeader_2.54mm:PinHeader_1x08_P2.54mm_Vertical</footprint>
      <libsource lib="Connector_Generic" part="Conn_01x08" description="Generic connector, single row, 01x08, script generated (kicad-library-utils/schlib/autogen/connector/)"/>
      <property name="Sheetname" value=""/>
      <property name="Sheetfile" value="w3isr_rtrcntlr.kicad_sch"/>
      <sheetpath names="/" tstamps="/"/>
      <tstamps>a91acd1d-2dc8-481c-b4b5-35ef5e76e029</tstamps>
    </comp>
    <comp ref="J9">
      <value>From USB Host</value>
      <footprint>Connector_PinHeader_2.54mm:PinHeader_1x04_P2.54mm_Vertical</footprint>
      <libsource lib="" part="Conn_01x04_1" description="Generic connector, single row, 01x04, script generated (kicad-library-utils/schlib/autogen/connector/)"/>
      <property name="Sheetname" value=""/>
      <property name="Sheetfile" value="w3isr_rtrcntlr.kicad_sch"/>
      <sheetpath names="/" tstamps="/"/>
      <tstamps>97b080ec-cbae-49d3-8168-c8cdfd872d32</tstamps>
    </comp>
    <comp ref="J10">
      <value>Ext Bat</value>
      <footprint>Connector_PinHeader_2.54mm:PinHeader_1x02_P2.54mm_Vertical</footprint>
      <libsource lib="Connector_Generic" part="Conn_01x02" description="Generic connector, single row, 01x02, script generated (kicad-library-utils/schlib/autogen/connector/)"/>
      <property name="Sheetname" value=""/>
      <property name="Sheetfile" value="w3isr_rtrcntlr.kicad_sch"/>
      <sheetpath names="/" tstamps="/"/>
      <tstamps>cbe5d731-7d9c-49b9-9bf2-3fe79373c194</tstamps>
    </comp>
    <comp ref="J11">
      <value>Serial 8</value>
      <footprint>Connector_PinHeader_2.54mm:PinHeader_1x02_P2.54mm_Vertical</footprint>
      <libsource lib="Connector_Generic" part="Conn_01x02" description="Generic connector, single row, 01x02, script generated (kicad-library-utils/schlib/autogen/connector/)"/>
      <property name="Sheetname" value=""/>
      <property name="Sheetfile" value="w3isr_rtrcntlr.kicad_sch"/>
      <sheetpath names="/" tstamps="/"/>
      <tstamps>513b1cb0-bae6-4b0b-a52e-736912fd3331</tstamps>
    </comp>
    <comp ref="J12">
      <value>4 Bit LCD (Optional)</value>
      <footprint>Connector_PinHeader_2.54mm:PinHeader_1x09_P2.54mm_Vertical</footprint>
      <libsource lib="Connector_Generic" part="Conn_01x09" description="Generic connector, single row, 01x09, script generated (kicad-library-utils/schlib/autogen/connector/)"/>
      <property name="Sheetname" value=""/>
      <property name="Sheetfile" value="w3isr_rtrcntlr.kicad_sch"/>
      <sheetpath names="/" tstamps="/"/>
      <tstamps>65664397-c144-4fa6-b19a-f230dddd93a0</tstamps>
    </comp>
    <comp ref="J13">
      <value>USB Host</value>
      <footprint>digikey-footprints:USB_A_Female_UE27AC54100</footprint>
      <datasheet> ~</datasheet>
      <libsource lib="Connector" part="USB_A" description="USB Type A connector"/>
      <property name="Sheetname" value=""/>
      <property name="Sheetfile" value="w3isr_rtrcntlr.kicad_sch"/>
      <sheetpath names="/" tstamps="/"/>
      <tstamps>60d30682-87a3-48a5-af5f-8a337a6cf094</tstamps>
    </comp>
    <comp ref="J14">
      <value>NEO-6M GPS</value>
      <footprint>Connector_PinSocket_2.54mm:PinSocket_1x05_P2.54mm_Vertical</footprint>
      <libsource lib="Connector_Generic" part="Conn_01x05" description="Generic connector, single row, 01x05, script generated (kicad-library-utils/schlib/autogen/connector/)"/>
      <property name="Sheetname" value=""/>
      <property name="Sheetfile" value="w3isr_rtrcntlr.kicad_sch"/>
      <sheetpath names="/" tstamps="/"/>
      <tstamps>92d5dfab-6375-4c7b-b3b5-065cd6d1eeac</tstamps>
    </comp>
    <comp ref="JP1">
      <value>Switch</value>
      <footprint>Connector_PinSocket_2.54mm:PinSocket_1x02_P2.54mm_Vertical</footprint>
      <libsource lib="Jumper" part="Jumper_2_Bridged" description="Jumper, 2-pole, closed/bridged"/>
      <property name="Sheetname" value=""/>
      <property name="Sheetfile" value="w3isr_rtrcntlr.kicad_sch"/>
      <sheetpath names="/" tstamps="/"/>
      <tstamps>4dd960c8-9f77-4549-a109-c0ccf5214aaa</tstamps>
    </comp>
    <comp ref="JP2">
      <value>5VDC Out</value>
      <footprint>Connector_PinSocket_2.54mm:PinSocket_1x02_P2.54mm_Vertical</footprint>
      <libsource lib="Jumper" part="Jumper_2_Open" description="Jumper, 2-pole, open"/>
      <property name="Sheetname" value=""/>
      <property name="Sheetfile" value="w3isr_rtrcntlr.kicad_sch"/>
      <sheetpath names="/" tstamps="/"/>
      <tstamps>f306ff0a-3e47-48f7-ba2f-541268684084</tstamps>
    </comp>
    <comp ref="JP4">
      <value>VBUS Volt</value>
      <footprint>Connector_PinSocket_2.54mm:PinSocket_1x02_P2.54mm_Vertical</footprint>
      <libsource lib="" part="Jumper_2_Bridged_1" description="Jumper, 2-pole, closed/bridged"/>
      <property name="Sheetname" value=""/>
      <property name="Sheetfile" value="w3isr_rtrcntlr.kicad_sch"/>
      <sheetpath names="/" tstamps="/"/>
      <tstamps>db9f4b15-9363-43a4-bd5c-202ef12884a8</tstamps>
    </comp>
    <comp ref="JP5">
      <value>GPS RCV Select</value>
      <footprint>Connector_PinHeader_2.54mm:PinHeader_1x03_P2.54mm_Vertical</footprint>
      <libsource lib="Jumper" part="Jumper_3_Bridged12" description="Jumper, 3-pole, pins 1+2 closed/bridged"/>
      <property name="Sheetname" value=""/>
      <property name="Sheetfile" value="w3isr_rtrcntlr.kicad_sch"/>
      <sheetpath names="/" tstamps="/"/>
      <tstamps>21207a5a-7706-4b24-aaac-8d90f4f9e59c</tstamps>
    </comp>
    <comp ref="R1">
      <value>1k</value>
      <footprint>Resistor_THT:R_Axial_DIN0204_L3.6mm_D1.6mm_P7.62mm_Horizontal</footprint>
      <libsource lib="Device" part="R_Small_US" description="Resistor, small US symbol"/>
      <property name="Sheetname" value=""/>
      <property name="Sheetfile" value="w3isr_rtrcntlr.kicad_sch"/>
      <sheetpath names="/" tstamps="/"/>
      <tstamps>6502c4f7-e451-4c91-a3ad-2de698f18aa0</tstamps>
    </comp>
    <comp ref="R2">
      <value>1k</value>
      <footprint>Resistor_THT:R_Axial_DIN0204_L3.6mm_D1.6mm_P7.62mm_Horizontal</footprint>
      <libsource lib="Device" part="R_Small_US" description="Resistor, small US symbol"/>
      <property name="Sheetname" value=""/>
      <property name="Sheetfile" value="w3isr_rtrcntlr.kicad_sch"/>
      <sheetpath names="/" tstamps="/"/>
      <tstamps>b787feba-4a7c-4cc5-9779-96d8a259129d</tstamps>
    </comp>
    <comp ref="R8">
      <value>1k</value>
      <footprint>Resistor_THT:R_Axial_DIN0204_L3.6mm_D1.6mm_P7.62mm_Horizontal</footprint>
      <libsource lib="Device" part="R_Small_US" description="Resistor, small US symbol"/>
      <property name="Sheetname" value=""/>
      <property name="Sheetfile" value="w3isr_rtrcntlr.kicad_sch"/>
      <sheetpath names="/" tstamps="/"/>
      <tstamps>9f67c5e4-b9c2-438c-8d30-da2ae376db0e</tstamps>
    </comp>
    <comp ref="R9">
      <value>1k</value>
      <footprint>Resistor_THT:R_Axial_DIN0204_L3.6mm_D1.6mm_P7.62mm_Horizontal</footprint>
      <libsource lib="Device" part="R_Small_US" description="Resistor, small US symbol"/>
      <property name="Sheetname" value=""/>
      <property name="Sheetfile" value="w3isr_rtrcntlr.kicad_sch"/>
      <sheetpath names="/" tstamps="/"/>
      <tstamps>f87d5ebe-58b9-4762-897f-411182b9f84e</tstamps>
    </comp>
    <comp ref="R10">
      <value>750</value>
      <footprint>Resistor_THT:R_Axial_DIN0204_L3.6mm_D1.6mm_P7.62mm_Horizontal</footprint>
      <libsource lib="Device" part="R_Small_US" description="Resistor, small US symbol"/>
      <property name="Sheetname" value=""/>
      <property name="Sheetfile" value="w3isr_rtrcntlr.kicad_sch"/>
      <sheetpath names="/" tstamps="/"/>
      <tstamps>b49daf57-eb39-4686-b893-3f548e8a67f5</tstamps>
    </comp>
    <comp ref="R11">
      <value>750</value>
      <footprint>Resistor_THT:R_Axial_DIN0204_L3.6mm_D1.6mm_P7.62mm_Horizontal</footprint>
      <libsource lib="Device" part="R_Small_US" description="Resistor, small US symbol"/>
      <property name="Sheetname" value=""/>
      <property name="Sheetfile" value="w3isr_rtrcntlr.kicad_sch"/>
      <sheetpath names="/" tstamps="/"/>
      <tstamps>b758fac5-ff68-4754-a186-1d15a921535d</tstamps>
    </comp>
    <comp ref="R14">
      <value>27</value>
      <footprint>Resistor_THT:R_Axial_DIN0204_L3.6mm_D1.6mm_P7.62mm_Horizontal</footprint>
      <libsource lib="Device" part="R_Small_US" description="Resistor, small US symbol"/>
      <property name="Sheetname" value=""/>
      <property name="Sheetfile" value="w3isr_rtrcntlr.kicad_sch"/>
      <sheetpath names="/" tstamps="/"/>
      <tstamps>66a7cbef-c3f3-4165-9e77-f808d2281a58</tstamps>
    </comp>
    <comp ref="R15">
      <value>27</value>
      <footprint>Resistor_THT:R_Axial_DIN0204_L3.6mm_D1.6mm_P7.62mm_Horizontal</footprint>
      <libsource lib="Device" part="R_Small_US" description="Resistor, small US symbol"/>
      <property name="Sheetname" value=""/>
      <property name="Sheetfile" value="w3isr_rtrcntlr.kicad_sch"/>
      <sheetpath names="/" tstamps="/"/>
      <tstamps>366294c9-bd9e-4f71-9592-48edb6b1ef55</tstamps>
    </comp>
    <comp ref="R18">
      <value>560</value>
      <footprint>Resistor_THT:R_Axial_DIN0204_L3.6mm_D1.6mm_P7.62mm_Horizontal</footprint>
      <libsource lib="Device" part="R_Small_US" description="Resistor, small US symbol"/>
      <property name="Sheetname" value=""/>
      <property name="Sheetfile" value="w3isr_rtrcntlr.kicad_sch"/>
      <sheetpath names="/" tstamps="/"/>
      <tstamps>31bf2a64-ffac-47ad-98d8-effb6fcc5b97</tstamps>
    </comp>
    <comp ref="RV1">
      <value>Brightness</value>
      <footprint>Potentiometer_THT:Potentiometer_Bourns_3299W_Vertical</footprint>
      <libsource lib="Device" part="R_Potentiometer_Trim" description="Trim-potentiometer"/>
      <property name="Sheetname" value=""/>
      <property name="Sheetfile" value="w3isr_rtrcntlr.kicad_sch"/>
      <sheetpath names="/" tstamps="/"/>
      <tstamps>a7962a1d-7918-462e-b691-60efa70b7852</tstamps>
    </comp>
    <comp ref="U1">
      <value>7805 Module</value>
      <footprint>Package_TO_SOT_THT:TO-220-3_Vertical</footprint>
      <datasheet>http://www.st.com/content/ccc/resource/technical/document/datasheet/41/4f/b3/b0/12/d4/47/88/CD00000444.pdf/files/CD00000444.pdf/jcr:content/translations/en.CD00000444.pdf</datasheet>
      <libsource lib="Regulator_Linear" part="L7805" description="Positive 1.5A 35V Linear Regulator, Fixed Output 5V, TO-220/TO-263/TO-252"/>
      <property name="Sheetname" value=""/>
      <property name="Sheetfile" value="w3isr_rtrcntlr.kicad_sch"/>
      <sheetpath names="/" tstamps="/"/>
      <tstamps>f1ae0a3a-a347-4f02-bb3a-c003172d51c6</tstamps>
    </comp>
    <comp ref="U2">
      <value>Teensy4.1</value>
      <footprint>teensy:Teensy41</footprint>
      <libsource lib="teensy" part="Teensy4.1" description=""/>
      <property name="Sheetname" value=""/>
      <property name="Sheetfile" value="w3isr_rtrcntlr.kicad_sch"/>
      <sheetpath names="/" tstamps="/"/>
      <tstamps>b9534bde-ba99-4dfd-9fe5-7c53ef14a461</tstamps>
    </comp>
    <comp ref="U4">
      <value>P82B96</value>
      <footprint>Package_DIP:DIP-8_W7.62mm</footprint>
      <datasheet>http://www.nxp.com/documents/data_sheet/P82B96.pdf</datasheet>
      <libsource lib="Interface_Expansion" part="P82B96" description="Dual I2C Bus Buffer, DIP8/SO8/TSSOP8"/>
      <property name="Sheetname" value=""/>
      <property name="Sheetfile" value="w3isr_rtrcntlr.kicad_sch"/>
      <sheetpath names="/" tstamps="/"/>
      <tstamps>03acc597-c883-48e3-b194-45804bf1e4cf</tstamps>
    </comp>
    <comp ref="U5">
      <value>FT230XS</value>
      <footprint>Package_SO:SOP-16_4.55x10.3mm_P1.27mm</footprint>
      <datasheet>https://www.ftdichip.com/Support/Documents/DataSheets/ICs/DS_FT230X.pdf</datasheet>
      <libsource lib="Interface_USB" part="FT230XS" description="Full Speed USB to Basic UART, SSOP-16"/>
      <property name="Sheetname" value=""/>
      <property name="Sheetfile" value="w3isr_rtrcntlr.kicad_sch"/>
      <sheetpath names="/" tstamps="/"/>
      <tstamps>d5648c0c-ae65-4e26-98fd-6146238b7fc9</tstamps>
    </comp>
    <comp ref="U6">
      <value>ULN2003A</value>
      <footprint>Package_DIP:DIP-16_W7.62mm_Socket</footprint>
      <datasheet>http://www.ti.com/lit/ds/symlink/uln2003a.pdf</datasheet>
      <libsource lib="Transistor_Array" part="ULN2003A" description="High Voltage, High Current Darlington Transistor Arrays, SOIC16/SOIC16W/DIP16/TSSOP16"/>
      <property name="Sheetname" value=""/>
      <property name="Sheetfile" value="w3isr_rtrcntlr.kicad_sch"/>
      <sheetpath names="/" tstamps="/"/>
      <tstamps>b4e4a0a8-a2c4-4f96-b3a9-c417a92e54d0</tstamps>
    </comp>
  </components>
  <libparts>
    <libpart lib="" part="Conn_01x04_1">
      <description>Generic connector, single row, 01x04, script generated (kicad-library-utils/schlib/autogen/connector/)</description>
      <docs>~</docs>
      <footprints>
        <fp>Connector*:*_1x??_*</fp>
      </footprints>
      <fields>
        <field name="Reference">J12</field>
        <field name="Value">Conn_01x04_1</field>
        <field name="Footprint">Connector_PinHeader_2.54mm:PinHeader_1x04_P2.54mm_Vertical</field>
        <field name="Datasheet">~</field>
      </fields>
      <pins>
        <pin num="1" name="Pin_1" type="power_out"/>
        <pin num="2" name="Pin_2" type="passive"/>
        <pin num="3" name="Pin_3" type="passive"/>
        <pin num="4" name="Pin_4" type="passive"/>
      </pins>
    </libpart>
    <libpart lib="" part="Jumper_2_Bridged_1">
      <description>Jumper, 2-pole, closed/bridged</description>
      <docs>~</docs>
      <footprints>
        <fp>Jumper*</fp>
        <fp>TestPoint*2Pads*</fp>
        <fp>TestPoint*Bridge*</fp>
      </footprints>
      <fields>
        <field name="Reference">JP4</field>
        <field name="Value">Jumper_2_Bridged_1</field>
        <field name="Footprint">Connector_PinSocket_2.54mm:PinSocket_1x02_P2.54mm_Vertical</field>
        <field name="Datasheet">~</field>
      </fields>
      <pins>
        <pin num="1" name="A" type="power_in"/>
        <pin num="2" name="B" type="power_out"/>
      </pins>
    </libpart>
    <libpart lib="Connector" part="Barrel_Jack_MountingPin">
      <description>DC Barrel Jack with a mounting pin</description>
      <docs>~</docs>
      <footprints>
        <fp>BarrelJack*</fp>
      </footprints>
      <fields>
        <field name="Reference">J1</field>
        <field name="Value">13V8 In</field>
        <field name="Footprint">Connector_BarrelJack:BarrelJack_CUI_PJ-063AH_Horizontal</field>
        <field name="Datasheet">~</field>
      </fields>
      <pins>
        <pin num="1" name="" type="power_out"/>
        <pin num="2" name="" type="passive"/>
        <pin num="MP" name="MountPin" type="passive"/>
      </pins>
    </libpart>
    <libpart lib="Connector" part="RJ45">
      <description>RJ connector, 8P8C (8 positions 8 connected)</description>
      <docs>~</docs>
      <footprints>
        <fp>8P8C*</fp>
        <fp>RJ31*</fp>
        <fp>RJ32*</fp>
        <fp>RJ33*</fp>
        <fp>RJ34*</fp>
        <fp>RJ35*</fp>
        <fp>RJ41*</fp>
        <fp>RJ45*</fp>
        <fp>RJ49*</fp>
        <fp>RJ61*</fp>
      </footprints>
      <fields>
        <field name="Reference">J</field>
        <field name="Value">RJ45</field>
        <field name="Datasheet">~</field>
      </fields>
      <pins>
        <pin num="1" name="" type="passive"/>
        <pin num="2" name="" type="passive"/>
        <pin num="3" name="" type="passive"/>
        <pin num="4" name="" type="passive"/>
        <pin num="5" name="" type="passive"/>
        <pin num="6" name="" type="passive"/>
        <pin num="7" name="" type="passive"/>
        <pin num="8" name="" type="passive"/>
      </pins>
    </libpart>
    <libpart lib="Connector" part="TestPoint">
      <description>test point</description>
      <docs>~</docs>
      <footprints>
        <fp>Pin*</fp>
        <fp>Test*</fp>
      </footprints>
      <fields>
        <field name="Reference">TP</field>
        <field name="Value">TestPoint</field>
        <field name="Datasheet">~</field>
      </fields>
      <pins>
        <pin num="1" name="1" type="passive"/>
      </pins>
    </libpart>
    <libpart lib="Connector" part="USB_A">
      <description>USB Type A connector</description>
      <docs> ~</docs>
      <footprints>
        <fp>USB*</fp>
      </footprints>
      <fields>
        <field name="Reference">J11</field>
        <field name="Value">USB Host</field>
        <field name="Footprint">digikey-footprints:USB_A_Female_UE27AC54100</field>
        <field name="Datasheet"> ~</field>
      </fields>
      <pins>
        <pin num="1" name="VBUS" type="power_in"/>
        <pin num="2" name="D-" type="bidirectional"/>
        <pin num="3" name="D+" type="bidirectional"/>
        <pin num="4" name="GND" type="power_in"/>
        <pin num="5" name="Shield" type="passive"/>
      </pins>
    </libpart>
    <libpart lib="Connector_Generic" part="Conn_01x02">
      <description>Generic connector, single row, 01x02, script generated (kicad-library-utils/schlib/autogen/connector/)</description>
      <docs>~</docs>
      <footprints>
        <fp>Connector*:*_1x??_*</fp>
      </footprints>
      <fields>
        <field name="Reference">J</field>
        <field name="Value">Conn_01x02</field>
        <field name="Datasheet">~</field>
      </fields>
      <pins>
        <pin num="1" name="Pin_1" type="passive"/>
        <pin num="2" name="Pin_2" type="passive"/>
      </pins>
    </libpart>
    <libpart lib="Connector_Generic" part="Conn_01x04">
      <description>Generic connector, single row, 01x04, script generated (kicad-library-utils/schlib/autogen/connector/)</description>
      <docs>~</docs>
      <footprints>
        <fp>Connector*:*_1x??_*</fp>
      </footprints>
      <fields>
        <field name="Reference">J</field>
        <field name="Value">Conn_01x04</field>
        <field name="Datasheet">~</field>
      </fields>
      <pins>
        <pin num="1" name="Pin_1" type="passive"/>
        <pin num="2" name="Pin_2" type="passive"/>
        <pin num="3" name="Pin_3" type="passive"/>
        <pin num="4" name="Pin_4" type="passive"/>
      </pins>
    </libpart>
    <libpart lib="Connector_Generic" part="Conn_01x05">
      <description>Generic connector, single row, 01x05, script generated (kicad-library-utils/schlib/autogen/connector/)</description>
      <docs>~</docs>
      <footprints>
        <fp>Connector*:*_1x??_*</fp>
      </footprints>
      <fields>
        <field name="Reference">J</field>
        <field name="Value">Conn_01x05</field>
        <field name="Datasheet">~</field>
      </fields>
      <pins>
        <pin num="1" name="Pin_1" type="passive"/>
        <pin num="2" name="Pin_2" type="passive"/>
        <pin num="3" name="Pin_3" type="passive"/>
        <pin num="4" name="Pin_4" type="passive"/>
        <pin num="5" name="Pin_5" type="passive"/>
      </pins>
    </libpart>
    <libpart lib="Connector_Generic" part="Conn_01x08">
      <description>Generic connector, single row, 01x08, script generated (kicad-library-utils/schlib/autogen/connector/)</description>
      <docs>~</docs>
      <footprints>
        <fp>Connector*:*_1x??_*</fp>
      </footprints>
      <fields>
        <field name="Reference">J</field>
        <field name="Value">Conn_01x08</field>
        <field name="Datasheet">~</field>
      </fields>
      <pins>
        <pin num="1" name="Pin_1" type="passive"/>
        <pin num="2" name="Pin_2" type="passive"/>
        <pin num="3" name="Pin_3" type="passive"/>
        <pin num="4" name="Pin_4" type="passive"/>
        <pin num="5" name="Pin_5" type="passive"/>
        <pin num="6" name="Pin_6" type="passive"/>
        <pin num="7" name="Pin_7" type="passive"/>
        <pin num="8" name="Pin_8" type="passive"/>
      </pins>
    </libpart>
    <libpart lib="Connector_Generic" part="Conn_01x09">
      <description>Generic connector, single row, 01x09, script generated (kicad-library-utils/schlib/autogen/connector/)</description>
      <docs>~</docs>
      <footprints>
        <fp>Connector*:*_1x??_*</fp>
      </footprints>
      <fields>
        <field name="Reference">J</field>
        <field name="Value">Conn_01x09</field>
        <field name="Datasheet">~</field>
      </fields>
      <pins>
        <pin num="1" name="Pin_1" type="passive"/>
        <pin num="2" name="Pin_2" type="passive"/>
        <pin num="3" name="Pin_3" type="passive"/>
        <pin num="4" name="Pin_4" type="passive"/>
        <pin num="5" name="Pin_5" type="passive"/>
        <pin num="6" name="Pin_6" type="passive"/>
        <pin num="7" name="Pin_7" type="passive"/>
        <pin num="8" name="Pin_8" type="passive"/>
        <pin num="9" name="Pin_9" type="passive"/>
      </pins>
    </libpart>
    <libpart lib="Device" part="C_Polarized_Small_US">
      <description>Polarized capacitor, small US symbol</description>
      <docs>~</docs>
      <footprints>
        <fp>CP_*</fp>
      </footprints>
      <fields>
        <field name="Reference">C</field>
        <field name="Value">C_Polarized_Small_US</field>
        <field name="Datasheet">~</field>
      </fields>
      <pins>
        <pin num="1" name="" type="passive"/>
        <pin num="2" name="" type="passive"/>
      </pins>
    </libpart>
    <libpart lib="Device" part="C_Small">
      <description>Unpolarized capacitor, small symbol</description>
      <docs>~</docs>
      <footprints>
        <fp>C_*</fp>
      </footprints>
      <fields>
        <field name="Reference">C</field>
        <field name="Value">C_Small</field>
        <field name="Datasheet">~</field>
      </fields>
      <pins>
        <pin num="1" name="" type="passive"/>
        <pin num="2" name="" type="passive"/>
      </pins>
    </libpart>
    <libpart lib="Device" part="Polyfuse">
      <description>Resettable fuse, polymeric positive temperature coefficient</description>
      <docs>~</docs>
      <footprints>
        <fp>*polyfuse*</fp>
        <fp>*PTC*</fp>
      </footprints>
      <fields>
        <field name="Reference">F</field>
        <field name="Value">Polyfuse</field>
        <field name="Datasheet">~</field>
      </fields>
      <pins>
        <pin num="1" name="" type="passive"/>
        <pin num="2" name="" type="passive"/>
      </pins>
    </libpart>
    <libpart lib="Device" part="R_Potentiometer_Trim">
      <description>Trim-potentiometer</description>
      <docs>~</docs>
      <footprints>
        <fp>Potentiometer*</fp>
      </footprints>
      <fields>
        <field name="Reference">RV</field>
        <field name="Value">R_Potentiometer_Trim</field>
        <field name="Datasheet">~</field>
      </fields>
      <pins>
        <pin num="1" name="1" type="passive"/>
        <pin num="2" name="2" type="passive"/>
        <pin num="3" name="3" type="passive"/>
      </pins>
    </libpart>
    <libpart lib="Device" part="R_Small_US">
      <description>Resistor, small US symbol</description>
      <docs>~</docs>
      <footprints>
        <fp>R_*</fp>
      </footprints>
      <fields>
        <field name="Reference">R</field>
        <field name="Value">R_Small_US</field>
        <field name="Datasheet">~</field>
      </fields>
      <pins>
        <pin num="1" name="" type="passive"/>
        <pin num="2" name="" type="passive"/>
      </pins>
    </libpart>
    <libpart lib="Diode" part="1N4002">
      <description>100V 1A General Purpose Rectifier Diode, DO-41</description>
      <docs>http://www.vishay.com/docs/88503/1n4001.pdf</docs>
      <footprints>
        <fp>D*DO?41*</fp>
      </footprints>
      <fields>
        <field name="Reference">D</field>
        <field name="Value">1N4002</field>
        <field name="Footprint">Diode_THT:D_DO-41_SOD81_P10.16mm_Horizontal</field>
        <field name="Datasheet">http://www.vishay.com/docs/88503/1n4001.pdf</field>
      </fields>
      <pins>
        <pin num="1" name="K" type="passive"/>
        <pin num="2" name="A" type="passive"/>
      </pins>
    </libpart>
    <libpart lib="Interface_Expansion" part="P82B96">
      <description>Dual I2C Bus Buffer, DIP8/SO8/TSSOP8</description>
      <docs>http://www.nxp.com/documents/data_sheet/P82B96.pdf</docs>
      <footprints>
        <fp>DIP*</fp>
        <fp>PDIP*</fp>
        <fp>SOIC*</fp>
        <fp>SO*</fp>
        <fp>TSSOP*</fp>
      </footprints>
      <fields>
        <field name="Reference">U</field>
        <field name="Value">P82B96</field>
        <field name="Datasheet">http://www.nxp.com/documents/data_sheet/P82B96.pdf</field>
      </fields>
      <pins>
        <pin num="1" name="SDA" type="bidirectional"/>
        <pin num="2" name="RXD-SDA" type="input"/>
        <pin num="3" name="TXD-SDA" type="output"/>
        <pin num="4" name="GND" type="power_in"/>
        <pin num="5" name="TXD-SCL" type="output"/>
        <pin num="6" name="RXD-SCL" type="input"/>
        <pin num="7" name="SCL" type="bidirectional"/>
        <pin num="8" name="VCC" type="power_in"/>
      </pins>
    </libpart>
    <libpart lib="Interface_USB" part="FT230XS">
      <description>Full Speed USB to Basic UART, SSOP-16</description>
      <docs>https://www.ftdichip.com/Support/Documents/DataSheets/ICs/DS_FT230X.pdf</docs>
      <footprints>
        <fp>SSOP*3.9x4.9*P0.635mm*</fp>
      </footprints>
      <fields>
        <field name="Reference">U</field>
        <field name="Value">FT230XS</field>
        <field name="Footprint">Package_SO:SSOP-16_3.9x4.9mm_P0.635mm</field>
        <field name="Datasheet">https://www.ftdichip.com/Support/Documents/DataSheets/ICs/DS_FT230X.pdf</field>
      </fields>
      <pins>
        <pin num="1" name="TXD" type="output"/>
        <pin num="2" name="~{RTS}" type="output"/>
        <pin num="3" name="VCCIO" type="power_in"/>
        <pin num="4" name="RXD" type="input"/>
        <pin num="5" name="GND" type="power_in"/>
        <pin num="6" name="~{CTS}" type="input"/>
        <pin num="7" name="CBUS2" type="bidirectional"/>
        <pin num="8" name="USBDP" type="bidirectional"/>
        <pin num="9" name="USBDM" type="bidirectional"/>
        <pin num="10" name="3V3OUT" type="power_out"/>
        <pin num="11" name="~{RESET}" type="input"/>
        <pin num="12" name="VCC" type="power_in"/>
        <pin num="13" name="GND" type="power_in"/>
        <pin num="14" name="CBUS1" type="bidirectional"/>
        <pin num="15" name="CBUS0" type="bidirectional"/>
        <pin num="16" name="CBUS3" type="bidirectional"/>
      </pins>
    </libpart>
    <libpart lib="Jumper" part="Jumper_2_Bridged">
      <description>Jumper, 2-pole, closed/bridged</description>
      <docs>~</docs>
      <footprints>
        <fp>Jumper*</fp>
        <fp>TestPoint*2Pads*</fp>
        <fp>TestPoint*Bridge*</fp>
      </footprints>
      <fields>
        <field name="Reference">JP</field>
        <field name="Value">Jumper_2_Bridged</field>
        <field name="Datasheet">~</field>
      </fields>
      <pins>
        <pin num="1" name="A" type="passive"/>
        <pin num="2" name="B" type="passive"/>
      </pins>
    </libpart>
    <libpart lib="Jumper" part="Jumper_2_Open">
      <description>Jumper, 2-pole, open</description>
      <docs>~</docs>
      <footprints>
        <fp>Jumper*</fp>
        <fp>TestPoint*2Pads*</fp>
        <fp>TestPoint*Bridge*</fp>
      </footprints>
      <fields>
        <field name="Reference">JP</field>
        <field name="Value">Jumper_2_Open</field>
        <field name="Datasheet">~</field>
      </fields>
      <pins>
        <pin num="1" name="A" type="passive"/>
        <pin num="2" name="B" type="passive"/>
      </pins>
    </libpart>
    <libpart lib="Jumper" part="Jumper_3_Bridged12">
      <description>Jumper, 3-pole, pins 1+2 closed/bridged</description>
      <docs>~</docs>
      <footprints>
        <fp>Jumper*</fp>
        <fp>TestPoint*3Pads*</fp>
        <fp>TestPoint*Bridge*</fp>
      </footprints>
      <fields>
        <field name="Reference">JP</field>
        <field name="Value">Jumper_3_Bridged12</field>
        <field name="Datasheet">~</field>
      </fields>
      <pins>
        <pin num="1" name="A" type="passive"/>
        <pin num="2" name="C" type="passive"/>
        <pin num="3" name="B" type="passive"/>
      </pins>
    </libpart>
    <libpart lib="MD-40SM" part="MD-40SM">
      <fields>
        <field name="Reference">J</field>
        <field name="Value">MD-40SM</field>
        <field name="Footprint">CUI_MD-40SM</field>
        <field name="MAXIMUM_PACKAGE_HEIGHT">12.8 mm</field>
        <field name="PARTREV">02/18/2022</field>
        <field name="MANUFACTURER">CUI</field>
        <field name="STANDARD">Manufacturer Recommendations</field>
      </fields>
      <pins>
        <pin num="1" name="1" type="passive"/>
        <pin num="2" name="2" type="passive"/>
        <pin num="3" name="3" type="passive"/>
        <pin num="4" name="4" type="passive"/>
        <pin num="S1" name="SHIELD" type="passive"/>
        <pin num="S2" name="SHIELD" type="passive"/>
        <pin num="S3" name="SHIELD" type="passive"/>
      </pins>
    </libpart>
    <libpart lib="Regulator_Linear" part="L7805">
      <description>Positive 1.5A 35V Linear Regulator, Fixed Output 5V, TO-220/TO-263/TO-252</description>
      <docs>http://www.st.com/content/ccc/resource/technical/document/datasheet/41/4f/b3/b0/12/d4/47/88/CD00000444.pdf/files/CD00000444.pdf/jcr:content/translations/en.CD00000444.pdf</docs>
      <footprints>
        <fp>TO?252*</fp>
        <fp>TO?263*</fp>
        <fp>TO?220*</fp>
      </footprints>
      <fields>
        <field name="Reference">U1</field>
        <field name="Value">7805 Module</field>
        <field name="Footprint">Package_TO_SOT_THT:TO-220-3_Vertical</field>
        <field name="Datasheet">http://www.st.com/content/ccc/resource/technical/document/datasheet/41/4f/b3/b0/12/d4/47/88/CD00000444.pdf/files/CD00000444.pdf/jcr:content/translations/en.CD00000444.pdf</field>
      </fields>
      <pins>
        <pin num="1" name="IN" type="input"/>
        <pin num="2" name="GND" type="power_in"/>
        <pin num="3" name="OUT" type="power_out"/>
      </pins>
    </libpart>
    <libpart lib="SDS-80J" part="SDS-80J">
      <fields>
        <field name="Reference">J</field>
        <field name="Value">SDS-80J</field>
        <field name="Footprint">CUI_SDS-80J</field>
        <field name="STANDARD">Manufacturer Recommendations</field>
        <field name="PARTREV">1.06/02-13-2020</field>
        <field name="MANUFACTURER">CUI Devices</field>
        <field name="MAXIMUM_PACKAGE_HEIGHT">21.40mm</field>
      </fields>
      <pins>
        <pin num="1" name="1" type="passive"/>
        <pin num="2" name="2" type="passive"/>
        <pin num="3" name="3" type="passive"/>
        <pin num="4" name="4" type="passive"/>
        <pin num="5" name="5" type="passive"/>
        <pin num="6" name="6" type="passive"/>
        <pin num="7" name="7" type="passive"/>
        <pin num="8" name="8" type="passive"/>
        <pin num="E1" name="GND" type="power_in"/>
        <pin num="E2" name="GND" type="power_in"/>
      </pins>
    </libpart>
    <libpart lib="Transistor_Array" part="ULN2003A">
      <description>High Voltage, High Current Darlington Transistor Arrays, SOIC16/SOIC16W/DIP16/TSSOP16</description>
      <docs>http://www.ti.com/lit/ds/symlink/uln2003a.pdf</docs>
      <footprints>
        <fp>DIP*W7.62mm*</fp>
        <fp>SOIC*3.9x9.9mm*P1.27mm*</fp>
        <fp>SSOP*4.4x5.2mm*P0.65mm*</fp>
        <fp>TSSOP*4.4x5mm*P0.65mm*</fp>
        <fp>SOIC*W*5.3x10.2mm*P1.27mm*</fp>
      </footprints>
      <fields>
        <field name="Reference">U</field>
        <field name="Value">ULN2003A</field>
        <field name="Datasheet">http://www.ti.com/lit/ds/symlink/uln2003a.pdf</field>
      </fields>
      <pins>
        <pin num="1" name="I1" type="input"/>
        <pin num="2" name="I2" type="input"/>
        <pin num="3" name="I3" type="input"/>
        <pin num="4" name="I4" type="input"/>
        <pin num="5" name="I5" type="input"/>
        <pin num="6" name="I6" type="input"/>
        <pin num="7" name="I7" type="input"/>
        <pin num="8" name="GND" type="power_in"/>
        <pin num="9" name="COM" type="passive"/>
        <pin num="10" name="O7" type="open_collector"/>
        <pin num="11" name="O6" type="open_collector"/>
        <pin num="12" name="O5" type="open_collector"/>
        <pin num="13" name="O4" type="open_collector"/>
        <pin num="14" name="O3" type="open_collector"/>
        <pin num="15" name="O2" type="open_collector"/>
        <pin num="16" name="O1" type="open_collector"/>
      </pins>
    </libpart>
    <libpart lib="dk_Alarms-Buzzers-and-Sirens" part="PS1240P02BT">
      <description>AUDIO PIEZO TRANSDUCER 30V TH</description>
      <docs>https://product.tdk.com/info/en/catalog/datasheets/piezoelectronic_buzzer_ps_en.pdf</docs>
      <fields>
        <field name="Reference">BZ</field>
        <field name="Value">PS1240P02BT</field>
        <field name="Footprint">digikey-footprints:Piezo_Transducer_THT_PS1240P02BT</field>
        <field name="Datasheet">https://product.tdk.com/info/en/catalog/datasheets/piezoelectronic_buzzer_ps_en.pdf</field>
        <field name="Digi-Key_PN">445-2525-1-ND</field>
        <field name="MPN">PS1240P02BT</field>
        <field name="Category">Audio Products</field>
        <field name="Family">Alarms, Buzzers, and Sirens</field>
        <field name="DK_Datasheet_Link">https://product.tdk.com/info/en/catalog/datasheets/piezoelectronic_buzzer_ps_en.pdf</field>
        <field name="DK_Detail_Page">/product-detail/en/tdk-corporation/PS1240P02BT/445-2525-1-ND/935930</field>
        <field name="Description">AUDIO PIEZO TRANSDUCER 30V TH</field>
        <field name="Manufacturer">TDK Corporation</field>
        <field name="Status">Active</field>
      </fields>
      <pins>
        <pin num="1" name="" type="input"/>
        <pin num="2" name="" type="input"/>
      </pins>
    </libpart>
    <libpart lib="dk_Battery-Holders-Clips-Contacts" part="BS-7">
      <description>BATTERY HOLDER COIN 20MM PC PIN</description>
      <docs>http://www.memoryprotectiondevices.com/datasheets/BS-7-datasheet.pdf</docs>
      <fields>
        <field name="Reference">BAT</field>
        <field name="Value">BS-7</field>
        <field name="Footprint">digikey-footprints:Battery_Holder_Coin_2032_BS-7</field>
        <field name="Datasheet">http://www.memoryprotectiondevices.com/datasheets/BS-7-datasheet.pdf</field>
        <field name="Digi-Key_PN">BS-7-ND</field>
        <field name="MPN">BS-7</field>
        <field name="Category">Battery Products</field>
        <field name="Family">Battery Holders, Clips, Contacts</field>
        <field name="DK_Datasheet_Link">http://www.memoryprotectiondevices.com/datasheets/BS-7-datasheet.pdf</field>
        <field name="DK_Detail_Page">/product-detail/en/mpd-memory-protection-devices/BS-7/BS-7-ND/389447</field>
        <field name="Description">BATTERY HOLDER COIN 20MM PC PIN</field>
        <field name="Manufacturer">MPD (Memory Protection Devices)</field>
        <field name="Status">Active</field>
      </fields>
      <pins>
        <pin num="Neg" name="" type="power_out"/>
        <pin num="Pos" name="" type="power_out"/>
      </pins>
    </libpart>
    <libpart lib="dk_USB-DVI-HDMI-Connectors" part="0548190519">
      <description>CONN RCPT USB2.0 MINI B 5P R/A</description>
      <docs>https://www.molex.com/pdm_docs/sd/548190519_sd.pdf</docs>
      <fields>
        <field name="Reference">J4</field>
        <field name="Value">GPS Out</field>
        <field name="Footprint">digikey-footprints:USB_Mini_B_Female_548190519</field>
        <field name="Datasheet">https://www.molex.com/pdm_docs/sd/548190519_sd.pdf</field>
        <field name="Digi-Key_PN">WM17115-ND</field>
        <field name="MPN">0548190519</field>
        <field name="Category">Connectors, Interconnects</field>
        <field name="Family">USB, DVI, HDMI Connectors</field>
        <field name="DK_Datasheet_Link">https://www.molex.com/pdm_docs/sd/548190519_sd.pdf</field>
        <field name="DK_Detail_Page">/product-detail/en/molex/0548190519/WM17115-ND/773802</field>
        <field name="Description">CONN RCPT USB2.0 MINI B 5P R/A</field>
        <field name="Manufacturer">Molex</field>
        <field name="Status">Active</field>
      </fields>
      <pins>
        <pin num="1" name="" type="power_out"/>
        <pin num="2" name="" type="passive"/>
        <pin num="3" name="" type="passive"/>
        <pin num="4" name="" type="passive"/>
        <pin num="5" name="" type="passive"/>
        <pin num="SH" name="" type="passive"/>
      </pins>
    </libpart>
    <libpart lib="teensy" part="Teensy4.1">
      <fields>
        <field name="Reference">U2</field>
        <field name="Value">Teensy4.1</field>
        <field name="Footprint">teensy:Teensy41</field>
      </fields>
      <pins>
        <pin num="1" name="GND" type="power_in"/>
        <pin num="2" name="0_RX1_CRX2_CS1" type="bidirectional"/>
        <pin num="3" name="1_TX1_CTX2_MISO1" type="bidirectional"/>
        <pin num="4" name="2_OUT2" type="bidirectional"/>
        <pin num="5" name="3_LRCLK2" type="bidirectional"/>
        <pin num="6" name="4_BCLK2" type="bidirectional"/>
        <pin num="7" name="5_IN2" type="bidirectional"/>
        <pin num="8" name="6_OUT1D" type="bidirectional"/>
        <pin num="9" name="7_RX2_OUT1A" type="bidirectional"/>
        <pin num="10" name="8_TX2_IN1" type="bidirectional"/>
        <pin num="11" name="9_OUT1C" type="bidirectional"/>
        <pin num="12" name="10_CS_MQSR" type="bidirectional"/>
        <pin num="13" name="11_MOSI_CTX1" type="bidirectional"/>
        <pin num="14" name="12_MISO_MQSL" type="bidirectional"/>
        <pin num="15" name="3V3" type="power_in"/>
        <pin num="16" name="24_A10_TX6_SCL2" type="bidirectional"/>
        <pin num="17" name="25_A11_RX6_SDA2" type="bidirectional"/>
        <pin num="18" name="26_A12_MOSI1" type="bidirectional"/>
        <pin num="19" name="27_A13_SCK1" type="bidirectional"/>
        <pin num="20" name="28_RX7" type="bidirectional"/>
        <pin num="21" name="29_TX7" type="bidirectional"/>
        <pin num="22" name="30_CRX3" type="bidirectional"/>
        <pin num="23" name="31_CTX3" type="bidirectional"/>
        <pin num="24" name="32_OUT1B" type="bidirectional"/>
        <pin num="25" name="33_MCLK2" type="bidirectional"/>
        <pin num="26" name="34_RX8" type="bidirectional"/>
        <pin num="27" name="35_TX8" type="bidirectional"/>
        <pin num="28" name="36_CS" type="bidirectional"/>
        <pin num="29" name="37_CS" type="bidirectional"/>
        <pin num="30" name="38_CS1_IN1" type="bidirectional"/>
        <pin num="31" name="39_MISO1_OUT1A" type="bidirectional"/>
        <pin num="32" name="40_A16" type="bidirectional"/>
        <pin num="33" name="41_A17" type="bidirectional"/>
        <pin num="34" name="GND" type="power_in"/>
        <pin num="35" name="13_SCK_LED" type="bidirectional"/>
        <pin num="36" name="14_A0_TX3_SPDIF_OUT" type="bidirectional"/>
        <pin num="37" name="15_A1_RX3_SPDIF_IN" type="bidirectional"/>
        <pin num="38" name="16_A2_RX4_SCL1" type="bidirectional"/>
        <pin num="39" name="17_A3_TX4_SDA1" type="bidirectional"/>
        <pin num="40" name="18_A4_SDA" type="bidirectional"/>
        <pin num="41" name="19_A5_SCL" type="bidirectional"/>
        <pin num="42" name="20_A6_TX5_LRCLK1" type="bidirectional"/>
        <pin num="43" name="21_A7_RX5_BCLK1" type="bidirectional"/>
        <pin num="44" name="22_A8_CTX1" type="bidirectional"/>
        <pin num="45" name="23_A9_CRX1_MCLK1" type="bidirectional"/>
        <pin num="46" name="3V3" type="power_out"/>
        <pin num="47" name="GND" type="output"/>
        <pin num="48" name="VIN" type="power_in"/>
        <pin num="49" name="VUSB" type="power_out"/>
        <pin num="50" name="VBAT" type="power_in"/>
        <pin num="51" name="3V3" type="power_in"/>
        <pin num="52" name="GND" type="input"/>
        <pin num="53" name="PROGRAM" type="input"/>
        <pin num="54" name="ON_OFF" type="input"/>
        <pin num="55" name="5V" type="power_out"/>
        <pin num="56" name="D-" type="bidirectional"/>
        <pin num="57" name="D+" type="bidirectional"/>
        <pin num="58" name="GND" type="power_in"/>
        <pin num="59" name="GND" type="power_in"/>
        <pin num="60" name="R+" type="bidirectional"/>
        <pin num="61" name="LED" type="bidirectional"/>
        <pin num="62" name="T-" type="bidirectional"/>
        <pin num="63" name="T+" type="bidirectional"/>
        <pin num="64" name="GND" type="power_in"/>
        <pin num="65" name="R-" type="bidirectional"/>
        <pin num="66" name="D-" type="bidirectional"/>
        <pin num="67" name="D+" type="bidirectional"/>
      </pins>
    </libpart>
  </libparts>
  <libraries>
    <library logical="Connector">
      <uri>C:\Program Files\KiCad\6.0\share\kicad\symbols\/Connector.kicad_sym</uri>
    </library>
    <library logical="Connector_Generic">
      <uri>C:\Program Files\KiCad\6.0\share\kicad\symbols\/Connector_Generic.kicad_sym</uri>
    </library>
    <library logical="Device">
      <uri>C:\Program Files\KiCad\6.0\share\kicad\symbols\/Device.kicad_sym</uri>
    </library>
    <library logical="Diode">
      <uri>C:\Program Files\KiCad\6.0\share\kicad\symbols\/Diode.kicad_sym</uri>
    </library>
    <library logical="Interface_Expansion">
      <uri>C:\Program Files\KiCad\6.0\share\kicad\symbols\/Interface_Expansion.kicad_sym</uri>
    </library>
    <library logical="Interface_USB">
      <uri>C:\Program Files\KiCad\6.0\share\kicad\symbols\/Interface_USB.kicad_sym</uri>
    </library>
    <library logical="Jumper">
      <uri>C:\Program Files\KiCad\6.0\share\kicad\symbols\/Jumper.kicad_sym</uri>
    </library>
    <library logical="MD-40SM">
      <uri>P:/KiCAD Files/6.0/symbols/SDS_library-master/MD-40SM.lib</uri>
    </library>
    <library logical="Regulator_Linear">
      <uri>C:\Program Files\KiCad\6.0\share\kicad\symbols\/Regulator_Linear.kicad_sym</uri>
    </library>
    <library logical="SDS-80J">
      <uri>P:/KiCAD Files/6.0/symbols/SDS_library-master/SDS-80J.lib</uri>
    </library>
    <library logical="Transistor_Array">
      <uri>C:\Program Files\KiCad\6.0\share\kicad\symbols\/Transistor_Array.kicad_sym</uri>
    </library>
    <library logical="dk_Alarms-Buzzers-and-Sirens">
      <uri>P:/KiCAD Files/6.0/symbols/digikey-symbols/dk_Alarms-Buzzers-and-Sirens.lib</uri>
    </library>
    <library logical="dk_Battery-Holders-Clips-Contacts">
      <uri>P:/KiCAD Files/6.0/symbols/digikey-symbols/dk_Battery-Holders-Clips-Contacts.lib</uri>
    </library>
    <library logical="dk_USB-DVI-HDMI-Connectors">
      <uri>P:/KiCAD Files/6.0/symbols/digikey-symbols/dk_USB-DVI-HDMI-Connectors.lib</uri>
    </library>
    <library logical="teensy">
      <uri>P:/KiCAD Files/6.0/symbols/teensy_library-master/teensy.lib</uri>
    </library>
  </libraries>
  <nets>
    <net code="1" name="+3V3">
      <node ref="+3.3V1" pin="1" pinfunction="1" pintype="passive"/>
      <node ref="C5" pin="1" pintype="passive"/>
      <node ref="R8" pin="1" pintype="passive"/>
      <node ref="R9" pin="1" pintype="passive"/>
      <node ref="U2" pin="46" pinfunction="3V3" pintype="power_out"/>
      <node ref="U4" pin="8" pinfunction="VCC" pintype="power_in"/>
    </net>
    <net code="2" name="+5V">
      <node ref="+5V1" pin="1" pinfunction="1" pintype="passive"/>
      <node ref="BZ1" pin="1" pintype="input"/>
      <node ref="C17" pin="1" pintype="passive"/>
      <node ref="C3" pin="1" pintype="passive"/>
      <node ref="C4" pin="1" pintype="passive"/>
      <node ref="F2" pin="2" pintype="passive"/>
      <node ref="J12" pin="2" pinfunction="Pin_2" pintype="passive"/>
      <node ref="J14" pin="1" pinfunction="Pin_1" pintype="passive"/>
      <node ref="J5" pin="4" pinfunction="4" pintype="passive"/>
      <node ref="J6" pin="4" pinfunction="Pin_4" pintype="passive"/>
      <node ref="RV1" pin="1" pinfunction="1" pintype="passive"/>
      <node ref="U1" pin="3" pinfunction="OUT" pintype="power_out"/>
      <node ref="U2" pin="48" pinfunction="VIN" pintype="power_in"/>
    </net>
    <net code="3" name="+13V">
      <node ref="+13V1" pin="1" pinfunction="1" pintype="passive"/>
      <node ref="C1" pin="1" pintype="passive"/>
      <node ref="C2" pin="1" pintype="passive"/>
      <node ref="F1" pin="2" pintype="passive"/>
      <node ref="J3" pin="1" pintype="passive"/>
      <node ref="R10" pin="1" pintype="passive"/>
      <node ref="R11" pin="1" pintype="passive"/>
      <node ref="U1" pin="1" pinfunction="IN" pintype="input"/>
    </net>
    <net code="4" name="Alarm">
      <node ref="U2" pin="4" pinfunction="2_OUT2" pintype="bidirectional"/>
      <node ref="U6" pin="5" pinfunction="I5" pintype="input"/>
    </net>
    <net code="5" name="AzV">
      <node ref="C20" pin="1" pintype="passive"/>
      <node ref="R1" pin="2" pintype="passive"/>
      <node ref="U2" pin="38" pinfunction="16_A2_RX4_SCL1" pintype="bidirectional"/>
    </net>
    <net code="6" name="CCW">
      <node ref="C22" pin="1" pintype="passive"/>
      <node ref="U2" pin="8" pinfunction="6_OUT1D" pintype="bidirectional"/>
      <node ref="U6" pin="1" pinfunction="I1" pintype="input"/>
    </net>
    <net code="7" name="CW">
      <node ref="C23" pin="1" pintype="passive"/>
      <node ref="U2" pin="7" pinfunction="5_IN2" pintype="bidirectional"/>
      <node ref="U6" pin="2" pinfunction="I2" pintype="input"/>
    </net>
    <net code="8" name="Down">
      <node ref="C25" pin="1" pintype="passive"/>
      <node ref="U2" pin="5" pinfunction="3_LRCLK2" pintype="bidirectional"/>
      <node ref="U6" pin="4" pinfunction="I4" pintype="input"/>
    </net>
    <net code="9" name="ElV">
      <node ref="C21" pin="1" pintype="passive"/>
      <node ref="R2" pin="2" pintype="passive"/>
      <node ref="U2" pin="39" pinfunction="17_A3_TX4_SDA1" pintype="bidirectional"/>
    </net>
    <net code="10" name="GND">
      <node ref="BAT1" pin="Neg" pintype="power_out"/>
      <node ref="C1" pin="2" pintype="passive"/>
      <node ref="C10" pin="2" pintype="passive"/>
      <node ref="C11" pin="2" pintype="passive"/>
      <node ref="C12" pin="2" pintype="passive"/>
      <node ref="C13" pin="2" pintype="passive"/>
      <node ref="C14" pin="2" pintype="passive"/>
      <node ref="C15" pin="2" pintype="passive"/>
      <node ref="C16" pin="2" pintype="passive"/>
      <node ref="C17" pin="2" pintype="passive"/>
      <node ref="C18" pin="2" pintype="passive"/>
      <node ref="C19" pin="2" pintype="passive"/>
      <node ref="C2" pin="2" pintype="passive"/>
      <node ref="C20" pin="2" pintype="passive"/>
      <node ref="C21" pin="2" pintype="passive"/>
      <node ref="C22" pin="2" pintype="passive"/>
      <node ref="C23" pin="2" pintype="passive"/>
      <node ref="C24" pin="2" pintype="passive"/>
      <node ref="C25" pin="2" pintype="passive"/>
      <node ref="C3" pin="2" pintype="passive"/>
      <node ref="C4" pin="2" pintype="passive"/>
      <node ref="C5" pin="2" pintype="passive"/>
      <node ref="C6" pin="2" pintype="passive"/>
      <node ref="C7" pin="2" pintype="passive"/>
      <node ref="C8" pin="2" pintype="passive"/>
      <node ref="C9" pin="2" pintype="passive"/>
      <node ref="GND1" pin="1" pinfunction="1" pintype="passive"/>
      <node ref="J1" pin="2" pintype="passive"/>
      <node ref="J1" pin="MP" pinfunction="MountPin" pintype="passive"/>
      <node ref="J10" pin="1" pinfunction="Pin_1" pintype="passive"/>
      <node ref="J13" pin="4" pinfunction="GND" pintype="power_in"/>
      <node ref="J13" pin="5" pinfunction="Shield" pintype="passive"/>
      <node ref="J14" pin="2" pinfunction="Pin_2" pintype="passive"/>
      <node ref="J2" pin="8" pinfunction="8" pintype="passive"/>
      <node ref="J2" pin="E1" pinfunction="GND" pintype="power_in"/>
      <node ref="J2" pin="E2" pinfunction="GND" pintype="power_in"/>
      <node ref="J3" pin="8" pintype="passive"/>
      <node ref="J4" pin="5" pintype="passive"/>
      <node ref="J4" pin="SH" pintype="passive"/>
      <node ref="J5" pin="2" pinfunction="2" pintype="passive"/>
      <node ref="J5" pin="S1" pinfunction="SHIELD" pintype="passive"/>
      <node ref="J5" pin="S2" pinfunction="SHIELD" pintype="passive"/>
      <node ref="J5" pin="S3" pinfunction="SHIELD" pintype="passive"/>
      <node ref="J6" pin="1" pinfunction="Pin_1" pintype="passive"/>
      <node ref="J7" pin="2" pinfunction="Pin_2" pintype="passive"/>
      <node ref="J8" pin="8" pinfunction="Pin_8" pintype="passive"/>
      <node ref="J9" pin="4" pinfunction="Pin_4" pintype="passive"/>
      <node ref="U1" pin="2" pinfunction="GND" pintype="power_in"/>
      <node ref="U2" pin="1" pinfunction="GND" pintype="power_in"/>
      <node ref="U2" pin="47" pinfunction="GND" pintype="output"/>
      <node ref="U2" pin="52" pinfunction="GND" pintype="input"/>
      <node ref="U4" pin="4" pinfunction="GND" pintype="power_in"/>
      <node ref="U5" pin="13" pinfunction="GND" pintype="power_in"/>
      <node ref="U5" pin="5" pinfunction="GND" pintype="power_in"/>
      <node ref="U6" pin="8" pinfunction="GND" pintype="power_in"/>
    </net>
    <net code="11" name="GPS_RX">
      <node ref="J5" pin="1" pinfunction="1" pintype="passive"/>
      <node ref="JP5" pin="3" pinfunction="B" pintype="passive"/>
      <node ref="U5" pin="4" pinfunction="RXD" pintype="input"/>
    </net>
    <net code="12" name="Net-(AzV1-Pad1)">
      <node ref="AzV1" pin="1" pinfunction="1" pintype="passive"/>
      <node ref="C6" pin="1" pintype="passive"/>
      <node ref="J2" pin="6" pinfunction="6" pintype="passive"/>
      <node ref="R1" pin="1" pintype="passive"/>
    </net>
    <net code="13" name="Net-(BZ1-Pad2)">
      <node ref="BZ1" pin="2" pintype="input"/>
      <node ref="U6" pin="12" pinfunction="O5" pintype="open_collector"/>
    </net>
    <net code="14" name="Net-(C7-Pad1)">
      <node ref="C7" pin="1" pintype="passive"/>
      <node ref="ElV1" pin="1" pinfunction="1" pintype="passive"/>
      <node ref="J2" pin="1" pinfunction="1" pintype="passive"/>
      <node ref="R2" pin="1" pintype="passive"/>
    </net>
    <net code="15" name="Net-(C8-Pad1)">
      <node ref="C8" pin="1" pintype="passive"/>
      <node ref="J2" pin="7" pinfunction="7" pintype="passive"/>
      <node ref="JP2" pin="2" pinfunction="B" pintype="passive"/>
    </net>
    <net code="16" name="Net-(C9-Pad1)">
      <node ref="C9" pin="1" pintype="passive"/>
      <node ref="J2" pin="4" pinfunction="4" pintype="passive"/>
      <node ref="U6" pin="16" pinfunction="O1" pintype="open_collector"/>
    </net>
    <net code="17" name="Net-(C10-Pad1)">
      <node ref="C10" pin="1" pintype="passive"/>
      <node ref="J2" pin="2" pinfunction="2" pintype="passive"/>
      <node ref="U6" pin="15" pinfunction="O2" pintype="open_collector"/>
    </net>
    <net code="18" name="Net-(C11-Pad1)">
      <node ref="C11" pin="1" pintype="passive"/>
      <node ref="J2" pin="3" pinfunction="3" pintype="passive"/>
      <node ref="U6" pin="14" pinfunction="O3" pintype="open_collector"/>
    </net>
    <net code="19" name="Net-(C12-Pad1)">
      <node ref="C12" pin="1" pintype="passive"/>
      <node ref="J2" pin="5" pinfunction="5" pintype="passive"/>
      <node ref="U6" pin="13" pinfunction="O4" pintype="open_collector"/>
    </net>
    <net code="20" name="Net-(C13-Pad1)">
      <node ref="C13" pin="1" pintype="passive"/>
      <node ref="J4" pin="2" pintype="passive"/>
      <node ref="R14" pin="2" pintype="passive"/>
    </net>
    <net code="21" name="Net-(C14-Pad1)">
      <node ref="C14" pin="1" pintype="passive"/>
      <node ref="J4" pin="3" pintype="passive"/>
      <node ref="R15" pin="2" pintype="passive"/>
    </net>
    <net code="22" name="Net-(C15-Pad1)">
      <node ref="C15" pin="1" pintype="passive"/>
      <node ref="J4" pin="1" pintype="power_out"/>
      <node ref="U5" pin="12" pinfunction="VCC" pintype="power_in"/>
    </net>
    <net code="23" name="Net-(C16-Pad1)">
      <node ref="C16" pin="1" pintype="passive"/>
      <node ref="U5" pin="10" pinfunction="3V3OUT" pintype="power_out"/>
      <node ref="U5" pin="11" pinfunction="~{RESET}" pintype="input"/>
      <node ref="U5" pin="3" pinfunction="VCCIO" pintype="power_in"/>
    </net>
    <net code="24" name="Net-(C18-Pad1)">
      <node ref="C18" pin="1" pintype="passive"/>
      <node ref="J13" pin="2" pinfunction="D-" pintype="bidirectional"/>
      <node ref="J9" pin="2" pinfunction="Pin_2" pintype="passive"/>
    </net>
    <net code="25" name="Net-(C19-Pad1)">
      <node ref="C19" pin="1" pintype="passive"/>
      <node ref="J13" pin="3" pinfunction="D+" pintype="bidirectional"/>
      <node ref="J9" pin="3" pinfunction="Pin_3" pintype="passive"/>
    </net>
    <net code="26" name="Net-(D1-Pad1)">
      <node ref="D1" pin="1" pinfunction="K" pintype="passive"/>
      <node ref="F1" pin="1" pintype="passive"/>
    </net>
    <net code="27" name="Net-(D1-Pad2)">
      <node ref="D1" pin="2" pinfunction="A" pintype="passive"/>
      <node ref="JP1" pin="2" pinfunction="B" pintype="passive"/>
    </net>
    <net code="28" name="Net-(F2-Pad1)">
      <node ref="F2" pin="1" pintype="passive"/>
      <node ref="JP2" pin="1" pinfunction="A" pintype="passive"/>
    </net>
    <net code="29" name="Net-(J1-Pad1)">
      <node ref="J1" pin="1" pintype="power_out"/>
      <node ref="JP1" pin="1" pinfunction="A" pintype="passive"/>
    </net>
    <net code="30" name="Net-(J3-Pad2)">
      <node ref="J3" pin="2" pintype="passive"/>
      <node ref="R10" pin="2" pintype="passive"/>
      <node ref="U4" pin="2" pinfunction="RXD-SDA" pintype="input"/>
      <node ref="U4" pin="3" pinfunction="TXD-SDA" pintype="output"/>
    </net>
    <net code="31" name="Net-(J3-Pad7)">
      <node ref="J3" pin="7" pintype="passive"/>
      <node ref="R11" pin="2" pintype="passive"/>
      <node ref="U4" pin="5" pinfunction="TXD-SCL" pintype="output"/>
      <node ref="U4" pin="6" pinfunction="RXD-SCL" pintype="input"/>
    </net>
    <net code="32" name="Net-(J5-Pad3)">
      <node ref="J5" pin="3" pinfunction="3" pintype="passive"/>
      <node ref="U5" pin="1" pinfunction="TXD" pintype="output"/>
    </net>
    <net code="33" name="Net-(J6-Pad2)">
      <node ref="J6" pin="2" pinfunction="Pin_2" pintype="passive"/>
      <node ref="U2" pin="10" pinfunction="8_TX2_IN1" pintype="bidirectional"/>
    </net>
    <net code="34" name="Net-(J6-Pad3)">
      <node ref="J6" pin="3" pinfunction="Pin_3" pintype="passive"/>
      <node ref="U2" pin="9" pinfunction="7_RX2_OUT1A" pintype="bidirectional"/>
    </net>
    <net code="35" name="Net-(J7-Pad1)">
      <node ref="J7" pin="1" pinfunction="Pin_1" pintype="passive"/>
      <node ref="R18" pin="1" pintype="passive"/>
    </net>
    <net code="36" name="Net-(J8-Pad1)">
      <node ref="J8" pin="1" pinfunction="Pin_1" pintype="passive"/>
      <node ref="U2" pin="16" pinfunction="24_A10_TX6_SCL2" pintype="bidirectional"/>
    </net>
    <net code="37" name="Net-(J8-Pad2)">
      <node ref="J8" pin="2" pinfunction="Pin_2" pintype="passive"/>
      <node ref="U2" pin="17" pinfunction="25_A11_RX6_SDA2" pintype="bidirectional"/>
    </net>
    <net code="38" name="Net-(J8-Pad3)">
      <node ref="J8" pin="3" pinfunction="Pin_3" pintype="passive"/>
      <node ref="U2" pin="18" pinfunction="26_A12_MOSI1" pintype="bidirectional"/>
    </net>
    <net code="39" name="Net-(J8-Pad4)">
      <node ref="J8" pin="4" pinfunction="Pin_4" pintype="passive"/>
      <node ref="U2" pin="19" pinfunction="27_A13_SCK1" pintype="bidirectional"/>
    </net>
    <net code="40" name="Net-(J8-Pad5)">
      <node ref="J8" pin="5" pinfunction="Pin_5" pintype="passive"/>
      <node ref="U2" pin="22" pinfunction="30_CRX3" pintype="bidirectional"/>
    </net>
    <net code="41" name="Net-(J8-Pad6)">
      <node ref="J8" pin="6" pinfunction="Pin_6" pintype="passive"/>
      <node ref="U2" pin="23" pinfunction="31_CTX3" pintype="bidirectional"/>
    </net>
    <net code="42" name="Net-(J8-Pad7)">
      <node ref="J8" pin="7" pinfunction="Pin_7" pintype="passive"/>
      <node ref="U2" pin="24" pinfunction="32_OUT1B" pintype="bidirectional"/>
    </net>
    <net code="43" name="Net-(J9-Pad1)">
      <node ref="J9" pin="1" pinfunction="Pin_1" pintype="power_out"/>
      <node ref="JP4" pin="1" pinfunction="A" pintype="power_in"/>
    </net>
    <net code="44" name="Net-(J11-Pad1)">
      <node ref="J11" pin="1" pinfunction="Pin_1" pintype="passive"/>
      <node ref="U2" pin="27" pinfunction="35_TX8" pintype="bidirectional"/>
    </net>
    <net code="45" name="Net-(J11-Pad2)">
      <node ref="J11" pin="2" pinfunction="Pin_2" pintype="passive"/>
      <node ref="U2" pin="26" pinfunction="34_RX8" pintype="bidirectional"/>
    </net>
    <net code="46" name="Net-(J12-Pad1)">
      <node ref="J12" pin="1" pinfunction="Pin_1" pintype="passive"/>
      <node ref="RV1" pin="3" pinfunction="3" pintype="passive"/>
      <node ref="U2" pin="34" pinfunction="GND" pintype="power_in"/>
    </net>
    <net code="47" name="Net-(J12-Pad3)">
      <node ref="J12" pin="3" pinfunction="Pin_3" pintype="passive"/>
      <node ref="RV1" pin="2" pinfunction="2" pintype="passive"/>
    </net>
    <net code="48" name="Net-(J12-Pad4)">
      <node ref="J12" pin="4" pinfunction="Pin_4" pintype="passive"/>
      <node ref="U2" pin="33" pinfunction="41_A17" pintype="bidirectional"/>
    </net>
    <net code="49" name="Net-(J12-Pad5)">
      <node ref="J12" pin="5" pinfunction="Pin_5" pintype="passive"/>
      <node ref="U2" pin="32" pinfunction="40_A16" pintype="bidirectional"/>
    </net>
    <net code="50" name="Net-(J12-Pad6)">
      <node ref="J12" pin="6" pinfunction="Pin_6" pintype="passive"/>
      <node ref="U2" pin="31" pinfunction="39_MISO1_OUT1A" pintype="bidirectional"/>
    </net>
    <net code="51" name="Net-(J12-Pad7)">
      <node ref="J12" pin="7" pinfunction="Pin_7" pintype="passive"/>
      <node ref="U2" pin="30" pinfunction="38_CS1_IN1" pintype="bidirectional"/>
    </net>
    <net code="52" name="Net-(J12-Pad8)">
      <node ref="J12" pin="8" pinfunction="Pin_8" pintype="passive"/>
      <node ref="U2" pin="29" pinfunction="37_CS" pintype="bidirectional"/>
    </net>
    <net code="53" name="Net-(J12-Pad9)">
      <node ref="J12" pin="9" pinfunction="Pin_9" pintype="passive"/>
      <node ref="U2" pin="28" pinfunction="36_CS" pintype="bidirectional"/>
    </net>
    <net code="54" name="Net-(J13-Pad1)">
      <node ref="J13" pin="1" pinfunction="VBUS" pintype="power_in"/>
      <node ref="JP4" pin="2" pinfunction="B" pintype="power_out"/>
    </net>
    <net code="55" name="Net-(JP5-Pad2)">
      <node ref="JP5" pin="2" pinfunction="C" pintype="passive"/>
      <node ref="U2" pin="37" pinfunction="15_A1_RX3_SPDIF_IN" pintype="bidirectional"/>
    </net>
    <net code="56" name="Net-(R14-Pad1)">
      <node ref="R14" pin="1" pintype="passive"/>
      <node ref="U5" pin="9" pinfunction="USBDM" pintype="bidirectional"/>
    </net>
    <net code="57" name="Net-(R15-Pad1)">
      <node ref="R15" pin="1" pintype="passive"/>
      <node ref="U5" pin="8" pinfunction="USBDP" pintype="bidirectional"/>
    </net>
    <net code="58" name="Net-(R18-Pad2)">
      <node ref="R18" pin="2" pintype="passive"/>
      <node ref="U2" pin="11" pinfunction="9_OUT1C" pintype="bidirectional"/>
    </net>
    <net code="59" name="RXD">
      <node ref="J14" pin="3" pinfunction="Pin_3" pintype="passive"/>
    </net>
    <net code="60" name="SCL">
      <node ref="R9" pin="2" pintype="passive"/>
      <node ref="U2" pin="41" pinfunction="19_A5_SCL" pintype="bidirectional"/>
      <node ref="U4" pin="7" pinfunction="SCL" pintype="bidirectional"/>
    </net>
    <net code="61" name="SDA">
      <node ref="R8" pin="2" pintype="passive"/>
      <node ref="U2" pin="40" pinfunction="18_A4_SDA" pintype="bidirectional"/>
      <node ref="U4" pin="1" pinfunction="SDA" pintype="bidirectional"/>
    </net>
    <net code="62" name="TXD">
      <node ref="J14" pin="4" pinfunction="Pin_4" pintype="passive"/>
      <node ref="JP5" pin="1" pinfunction="A" pintype="passive"/>
    </net>
    <net code="63" name="Up">
      <node ref="C24" pin="1" pintype="passive"/>
      <node ref="U2" pin="6" pinfunction="4_BCLK2" pintype="bidirectional"/>
      <node ref="U6" pin="3" pinfunction="I3" pintype="input"/>
    </net>
    <net code="64" name="VBAT">
      <node ref="BAT1" pin="Pos" pintype="power_out"/>
      <node ref="J10" pin="2" pinfunction="Pin_2" pintype="passive"/>
      <node ref="U2" pin="50" pinfunction="VBAT" pintype="power_in"/>
    </net>
    <net code="65" name="unconnected-(J3-Pad3)">
      <node ref="J3" pin="3" pintype="passive+no_connect"/>
    </net>
    <net code="66" name="unconnected-(J3-Pad4)">
      <node ref="J3" pin="4" pintype="passive+no_connect"/>
    </net>
    <net code="67" name="unconnected-(J3-Pad5)">
      <node ref="J3" pin="5" pintype="passive+no_connect"/>
    </net>
    <net code="68" name="unconnected-(J3-Pad6)">
      <node ref="J3" pin="6" pintype="passive+no_connect"/>
    </net>
    <net code="69" name="unconnected-(J4-Pad4)">
      <node ref="J4" pin="4" pintype="passive+no_connect"/>
    </net>
    <net code="70" name="unconnected-(J14-Pad5)">
      <node ref="J14" pin="5" pinfunction="Pin_5" pintype="passive+no_connect"/>
    </net>
    <net code="71" name="unconnected-(U2-Pad2)">
      <node ref="U2" pin="2" pinfunction="0_RX1_CRX2_CS1" pintype="bidirectional+no_connect"/>
    </net>
    <net code="72" name="unconnected-(U2-Pad3)">
      <node ref="U2" pin="3" pinfunction="1_TX1_CTX2_MISO1" pintype="bidirectional+no_connect"/>
    </net>
    <net code="73" name="unconnected-(U2-Pad12)">
      <node ref="U2" pin="12" pinfunction="10_CS_MQSR" pintype="bidirectional+no_connect"/>
    </net>
    <net code="74" name="unconnected-(U2-Pad13)">
      <node ref="U2" pin="13" pinfunction="11_MOSI_CTX1" pintype="bidirectional+no_connect"/>
    </net>
    <net code="75" name="unconnected-(U2-Pad14)">
      <node ref="U2" pin="14" pinfunction="12_MISO_MQSL" pintype="bidirectional+no_connect"/>
    </net>
    <net code="76" name="unconnected-(U2-Pad15)">
      <node ref="U2" pin="15" pinfunction="3V3" pintype="power_in+no_connect"/>
    </net>
    <net code="77" name="unconnected-(U2-Pad20)">
      <node ref="U2" pin="20" pinfunction="28_RX7" pintype="bidirectional+no_connect"/>
    </net>
    <net code="78" name="unconnected-(U2-Pad21)">
      <node ref="U2" pin="21" pinfunction="29_TX7" pintype="bidirectional+no_connect"/>
    </net>
    <net code="79" name="unconnected-(U2-Pad25)">
      <node ref="U2" pin="25" pinfunction="33_MCLK2" pintype="bidirectional+no_connect"/>
    </net>
    <net code="80" name="unconnected-(U2-Pad35)">
      <node ref="U2" pin="35" pinfunction="13_SCK_LED" pintype="bidirectional+no_connect"/>
    </net>
    <net code="81" name="unconnected-(U2-Pad36)">
      <node ref="U2" pin="36" pinfunction="14_A0_TX3_SPDIF_OUT" pintype="bidirectional+no_connect"/>
    </net>
    <net code="82" name="unconnected-(U2-Pad42)">
      <node ref="U2" pin="42" pinfunction="20_A6_TX5_LRCLK1" pintype="bidirectional+no_connect"/>
    </net>
    <net code="83" name="unconnected-(U2-Pad43)">
      <node ref="U2" pin="43" pinfunction="21_A7_RX5_BCLK1" pintype="bidirectional+no_connect"/>
    </net>
    <net code="84" name="unconnected-(U2-Pad44)">
      <node ref="U2" pin="44" pinfunction="22_A8_CTX1" pintype="bidirectional+no_connect"/>
    </net>
    <net code="85" name="unconnected-(U2-Pad45)">
      <node ref="U2" pin="45" pinfunction="23_A9_CRX1_MCLK1" pintype="bidirectional+no_connect"/>
    </net>
    <net code="86" name="unconnected-(U2-Pad49)">
      <node ref="U2" pin="49" pinfunction="VUSB" pintype="power_out+no_connect"/>
    </net>
    <net code="87" name="unconnected-(U2-Pad51)">
      <node ref="U2" pin="51" pinfunction="3V3" pintype="power_in+no_connect"/>
    </net>
    <net code="88" name="unconnected-(U2-Pad53)">
      <node ref="U2" pin="53" pinfunction="PROGRAM" pintype="input+no_connect"/>
    </net>
    <net code="89" name="unconnected-(U2-Pad54)">
      <node ref="U2" pin="54" pinfunction="ON_OFF" pintype="input+no_connect"/>
    </net>
    <net code="90" name="unconnected-(U2-Pad55)">
      <node ref="U2" pin="55" pinfunction="5V" pintype="power_out+no_connect"/>
    </net>
    <net code="91" name="unconnected-(U2-Pad56)">
      <node ref="U2" pin="56" pinfunction="D-" pintype="bidirectional+no_connect"/>
    </net>
    <net code="92" name="unconnected-(U2-Pad57)">
      <node ref="U2" pin="57" pinfunction="D+" pintype="bidirectional+no_connect"/>
    </net>
    <net code="93" name="unconnected-(U2-Pad58)">
      <node ref="U2" pin="58" pinfunction="GND" pintype="power_in+no_connect"/>
    </net>
    <net code="94" name="unconnected-(U2-Pad59)">
      <node ref="U2" pin="59" pinfunction="GND" pintype="power_in+no_connect"/>
    </net>
    <net code="95" name="unconnected-(U2-Pad60)">
      <node ref="U2" pin="60" pinfunction="R+" pintype="bidirectional+no_connect"/>
    </net>
    <net code="96" name="unconnected-(U2-Pad61)">
      <node ref="U2" pin="61" pinfunction="LED" pintype="bidirectional+no_connect"/>
    </net>
    <net code="97" name="unconnected-(U2-Pad62)">
      <node ref="U2" pin="62" pinfunction="T-" pintype="bidirectional+no_connect"/>
    </net>
    <net code="98" name="unconnected-(U2-Pad63)">
      <node ref="U2" pin="63" pinfunction="T+" pintype="bidirectional+no_connect"/>
    </net>
    <net code="99" name="unconnected-(U2-Pad64)">
      <node ref="U2" pin="64" pinfunction="GND" pintype="power_in+no_connect"/>
    </net>
    <net code="100" name="unconnected-(U2-Pad65)">
      <node ref="U2" pin="65" pinfunction="R-" pintype="bidirectional+no_connect"/>
    </net>
    <net code="101" name="unconnected-(U2-Pad66)">
      <node ref="U2" pin="66" pinfunction="D-" pintype="bidirectional+no_connect"/>
    </net>
    <net code="102" name="unconnected-(U2-Pad67)">
      <node ref="U2" pin="67" pinfunction="D+" pintype="bidirectional+no_connect"/>
    </net>
    <net code="103" name="unconnected-(U5-Pad2)">
      <node ref="U5" pin="2" pinfunction="~{RTS}" pintype="output+no_connect"/>
    </net>
    <net code="104" name="unconnected-(U5-Pad6)">
      <node ref="U5" pin="6" pinfunction="~{CTS}" pintype="input+no_connect"/>
    </net>
    <net code="105" name="unconnected-(U5-Pad7)">
      <node ref="U5" pin="7" pinfunction="CBUS2" pintype="bidirectional+no_connect"/>
    </net>
    <net code="106" name="unconnected-(U5-Pad14)">
      <node ref="U5" pin="14" pinfunction="CBUS1" pintype="bidirectional+no_connect"/>
    </net>
    <net code="107" name="unconnected-(U5-Pad15)">
      <node ref="U5" pin="15" pinfunction="CBUS0" pintype="bidirectional+no_connect"/>
    </net>
    <net code="108" name="unconnected-(U5-Pad16)">
      <node ref="U5" pin="16" pinfunction="CBUS3" pintype="bidirectional+no_connect"/>
    </net>
    <net code="109" name="unconnected-(U6-Pad6)">
      <node ref="U6" pin="6" pinfunction="I6" pintype="input+no_connect"/>
    </net>
    <net code="110" name="unconnected-(U6-Pad7)">
      <node ref="U6" pin="7" pinfunction="I7" pintype="input+no_connect"/>
    </net>
    <net code="111" name="unconnected-(U6-Pad9)">
      <node ref="U6" pin="9" pinfunction="COM" pintype="passive+no_connect"/>
    </net>
    <net code="112" name="unconnected-(U6-Pad10)">
      <node ref="U6" pin="10" pinfunction="O7" pintype="open_collector+no_connect"/>
    </net>
    <net code="113" name="unconnected-(U6-Pad11)">
      <node ref="U6" pin="11" pinfunction="O6" pintype="open_collector+no_connect"/>
    </net>
  </nets>
</export>
